Workbook
Name CONTAINS: LAMBDA(cell, range, NOT(ISERROR(MATCH(cell,range,0))))

Sheet CALLOUT 26
A1: T - Tardy TE - Excused Tardy A - Absent AE - Excused Absence BLUE - did not report to Angie BLACK - reported to Angie Absent +4 Tardy +1 | C1: DO NOT RE-SORT EMPLOYEE NAMES! Add new employees to New Employee Sections
A2: CALLOUTS AND TARDIES | B2: PTO Left | C2: 2025 Totals | I2: GRACE | M2: January | AS2: February | BV2: March | DB2: April | EG2: May | FM2: June | GR2: July | HX2: August | JD2: September | KI2: October | LO2: November | MT2: December
A3: Dates of call outs | C3: A | D3: AE | E3: T | F3: TE | G3: A% | H3: T% | I3: POINTS | J3: UR - T | K3: UR - A | M3: 1/1 | N3: 1/2 | O3: 1/3 | P3: 1/4 | Q3: 1/5 | R3: 1/6 | S3: 1/7 | T3: 1/8 | U3: 1/9 | V3: 1/10 | W3: 1/11 | X3: 1/12 | Y3: 1/13 | Z3: 1/14 | AA3: 1/15 | AB3: 1/16 | AC3: 1/17 | AD3: 1/18 | AE3: 1/19 | AF3: 1/20 | AG3: 1/21 | AH3: 1/22 | AI3: 1/23 | AJ3: 1/24 | AK3: 1/25 | AL3: 1/26 | AM3: 1/27 | AN3: 1/28 | AO3: 1/29 | AP3: 1/30 | AQ3: 1/31 | AS3: 2/1 | AT3: 2/2 | AU3: 2/3 | AV3: 2/4 | AW3: 2/5 | AX3: 2/6 | AY3: 2/7 | AZ3: 2/8 | BA3: 2/9 | BB3: 2/10 | BC3: 2/11 | BD3: 2/12 | BE3: 2/13 | BF3: 2/14 | BG3: 2/15 | BH3: 2/16 | BI3: 2/17 | BJ3: 2/18 | BK3: 2/19 | BL3: 2/20 | BM3: 2/21 | BN3: 2/22 | BO3: 2/23 | BP3: 2/24 | BQ3: 2/25 | BR3: 2/26 | BS3: 2/27 | BT3: 2/28 | BV3: 3/1 | BW3: 3/2 | BX3: 3/3 | BY3: 3/4 | BZ3: 3/5 | CA3: 3/6 | CB3: 3/7 | CC3: 3/8 | CD3: 3/9 | CE3: 3/10 | CF3: 3/11 | CG3: 3/12 | CH3: 3/13 | CI3: 3/14 | CJ3: 3/15 | CK3: 3/16 | CL3: 3/17 | CM3: 3/18 | CN3: 3/19 | CO3: 3/20 | CP3: 3/21 | CQ3: 3/22 | CR3: 3/23 | CS3: 3/24 | CT3: 3/25 | CU3: 3/26 | CV3: 3/27 | CW3: 3/28 | CX3: 3/29 | CY3: 3/30 | CZ3: 3/31 | DB3: 4/1 | DC3: 4/2 | DD3: 4/3 | DE3: 4/4 | DF3: 4/5 | DG3: 4/6 | DH3: 4/7 | DI3: 4/8 | DJ3: 4/9 | DK3: 4/10 | DL3: 4/11 | DM3: 4/12 | DN3: 4/13 | DO3: 4/14 | DP3: 4/15 | DQ3: 4/16 | DR3: 4/17 | DS3: 4/18 | DT3: 4/19 | DU3: 4/20 | DV3: 4/21 | DW3: 4/22 | DX3: 4/23 | DY3: 4/24 | DZ3: 4/25 | EA3: 4/26 | EB3: 4/27 | EC3: 4/28 | ED3: 4/29 | EE3: 4/30 | EG3: 5/1 | EH3: 5/2 | EI3: 5/3 | EJ3: 5/4 | EK3: 5/5 | EL3: 5/6 | EM3: 5/7 | EN3: 5/8 | EO3: 5/9 | EP3: 5/10 | EQ3: 5/11 | ER3: 5/12 | ES3: 5/13 | ET3: 5/14 | EU3: 5/15 | EV3: 5/16 | EW3: 5/17 | EX3: 5/18 | EY3: 5/19 | EZ3: 5/20 | FA3: 5/21 | FB3: 5/22 | FC3: 5/23 | FD3: 5/24 | FE3: 5/25 | FF3: 5/26 | FG3: 5/27 | FH3: 5/28 | FI3: 5/29 | FJ3: 5/30 | FK3: 5/31 | FM3: 6/1 | FN3: 6/2 | FO3: 6/3 | FP3: 6/4 | FQ3: 6/5 | FR3: 6/6 | FS3: 6/7 | FT3: 6/8 | FU3: 6/9 | FV3: 6/10 | FW3: 6/11 | FX3: 6/12 | FY3: 6/13 | FZ3: 6/14 | GA3: 6/15 | GB3: 6/16 | GC3: 6/17 | GD3: 6/18 | GE3: 6/19 | GF3: 6/20 | GG3: 6/21 | GH3: 6/22 | GI3: 6/23 | GJ3: 6/24 | GK3: 6/25 | GL3: 6/26 | GM3: 6/27 | GN3: 6/28 | GO3: 6/29 | GP3: 6/30 | GR3: 7/1 | GS3: 7/2 | GT3: 7/3 | GU3: 7/4 | GV3: 7/5 | GW3: 7/6 | GX3: 7/7 | GY3: 7/8 | GZ3: 7/9 | HA3: 7/10 | HB3: 7/11 | HC3: 7/12 | HD3: 7/13 | HE3: 7/14 | HF3: 7/15 | HG3: 7/16 | HH3: 7/17 | HI3: 7/18 | HJ3: 7/19 | HK3: 7/20 | HL3: 7/21 | HM3: 7/22 | HN3: 7/23 | HO3: 7/24 | HP3: 7/25 | HQ3: 7/26 | HR3: 7/27 | HS3: 7/28 | HT3: 7/29 | HU3: 7/30 | HV3: 7/31 | HX3: 8/1 | HY3: 8/2 | HZ3: 8/3 | IA3: 8/4 | IB3: 8/5 | IC3: 8/6 | ID3: 8/7 | IE3: 8/8 | IF3: 8/9 | IG3: 8/10 | IH3: 8/11 | II3: 8/12 | IJ3: 8/13 | IK3: 8/14 | IL3: 8/15 | IM3: 8/16 | IN3: 8/17 | IO3: 8/18 | IP3: 8/19 | IQ3: 8/20 | IR3: 8/21 | IS3: 8/22 | IT3: 8/23 | IU3: 8/24 | IV3: 8/25 | IW3: 8/26 | IX3: 8/27 | IY3: 8/28 | IZ3: 8/29 | JA3: 8/30 | JB3: 8/31 | JD3: 9/1 | JE3: 9/2 | JF3: 9/3 | JG3: 9/4 | JH3: 9/5 | JI3: 9/6 | JJ3: 9/7 | JK3: 9/8 | JL3: 9/9 | JM3: 9/10 | JN3: 9/11 | JO3: 9/12 | JP3: 9/13 | JQ3: 9/14 | JR3: 9/15 | JS3: 9/16 | JT3: 9/17 | JU3: 9/18 | JV3: 9/19 | JW3: 9/20 | JX3: 9/21 | JY3: 9/22 | JZ3: 9/23 | KA3: 9/24 | KB3: 9/25 | KC3: 9/26 | KD3: 9/27 | KE3: 9/28 | KF3: 9/29 | KG3: 9/30 | KI3: 10/1 | KJ3: 10/2 | KK3: 10/3 | KL3: 10/4 | KM3: 10/5 | KN3: 10/6 | KO3: 10/7 | KP3: 10/8 | KQ3: 10/9 | KR3: 10/10 | KS3: 10/11 | KT3: 10/12 | KU3: 10/13 | KV3: 10/14 | KW3: 10/15 | KX3: 10/16 | KY3: 10/17 | KZ3: 10/18 | LA3: 10/19 | LB3: 10/20 | LC3: 10/21 | LD3: 10/22 | LE3: 10/23 | LF3: 10/24 | LG3: 10/25 | LH3: 10/26 | LI3: 10/27 | LJ3: 10/28 | LK3: 10/29 | LL3: 10/30 | LM3: 10/31 | LO3: 11/1 | LP3: 11/2 | LQ3: 11/3 | LR3: 11/4 | LS3: 11/5 | LT3: 11/6 | LU3: 11/7 | LV3: 11/8 | LW3: 11/9 | LX3: 11/10 | LY3: 11/11 | LZ3: 11/12 | MA3: 11/13 | MB3: 11/14 | MC3: 11/15 | MD3: 11/16 | ME3: 11/17 | MF3: 11/18 | MG3: 11/19 | MH3: 11/20 | MI3: 11/21 | MJ3: 11/22 | MK3: 11/23 | ML3: 11/24 | MM3: 11/25 | MN3: 11/26 | MO3: 11/27 | MP3: 11/28 | MQ3: 11/29 | MR3: 11/30 | MT3: 12/1 | MU3: 12/2 | MV3: 12/3 | MW3: 12/4 | MX3: 12/5 | MY3: 12/6 | MZ3: 12/7 | NA3: 12/8 | NB3: 12/9 | NC3: 12/10 | ND3: 12/11 | NE3: 12/12 | NF3: 12/13 | NG3: 12/14 | NH3: 12/15 | NI3: 12/16 | NJ3: 12/17 | NK3: 12/18 | NL3: 12/19 | NM3: 12/20 | NN3: 12/21 | NO3: 12/22 | NP3: 12/23 | NQ3: 12/24 | NR3: 12/25 | NS3: 12/26 | NT3: 12/27 | NU3: 12/28 | NV3: 12/29 | NW3: 12/30 | NX3: 12/31
A4: Adriana Gutierrez | B4: =IFERROR(__xludf.DUMMYFUNCTION("VLOOKUP(A4, IMPORTRANGE(""https://docs.google.com/spreadsheets/d/1KpTMcNM9m1P7u9qCVzob8p1-RZoC1ejaYs5CdpAbWFY/edit?gid=260580969#gid=260580969"", ""2025 EMP PROFILE DATA!a1:W98""), 22, FALSE)"),"#REF!") -> #REF! | C4: =COUNTIF(M4:NY4, "A") -> 5 | D4: =COUNTIF(M4:NY4, "AE") -> 1 | E4: =countif(M4:NY4, "T") -> 0 | F4: =countif(M4:NY4, "TE") -> 0 | G4: =C4 / NETWORKDAYS(DATE(2025,1,1), TODAY()) -> 0.012626263 | H4: =E4 / NETWORKDAYS(DATE(2025,1,1), TODAY()) -> 0 | I4: =sum(E4+(C4*4)) -> 20 | J4: 0 | K4: 0 | N4: A | AG4: A | BA4: A | BE4: AE | BW4: A | GK4: A
A5: Aislinn Dickey | B5: =IFERROR(__xludf.DUMMYFUNCTION("VLOOKUP(A5, IMPORTRANGE(""https://docs.google.com/spreadsheets/d/1KpTMcNM9m1P7u9qCVzob8p1-RZoC1ejaYs5CdpAbWFY/edit?gid=260580969#gid=260580969"", ""2025 EMP PROFILE DATA!a1:W98""), 22, FALSE)"),"#REF!") -> #REF! | C5: =COUNTIF(M5:NY5, "A") -> 0 | D5: =COUNTIF(M5:NY5, "AE") -> 6 | E5: =countif(M5:NY5, "T") -> 0 | F5: =countif(M5:NY5, "TE") -> 1 | G5: =C5 / NETWORKDAYS(DATE(2025,1,1), TODAY()) -> 0 | H5: =E5 / NETWORKDAYS(DATE(2025,1,1), TODAY()) -> 0 | I5: =sum(E5+(C5*4)) -> 0 | J5: 0 | K5: 0 | S5: AE | BJ5: TE | BW5: AE | CH5: AE | EQ5: AE | FF5: AE | GX5: AE
A6: Alexandra Martin | B6: =IFERROR(__xludf.DUMMYFUNCTION("VLOOKUP(A6, IMPORTRANGE(""https://docs.google.com/spreadsheets/d/1KpTMcNM9m1P7u9qCVzob8p1-RZoC1ejaYs5CdpAbWFY/edit?gid=260580969#gid=260580969"", ""2025 EMP PROFILE DATA!a1:W98""), 22, FALSE)"),"#REF!") -> #REF! | C6: =COUNTIF(M6:NY6, "A") -> 3 | D6: =COUNTIF(M6:NY6, "AE") -> 11 | E6: =countif(M6:NY6, "T") -> 8 | F6: =countif(M6:NY6, "TE") -> 1 | G6: =C6 / NETWORKDAYS(DATE(2025,1,1), TODAY()) -> 0.0075757576 | H6: =E6 / NETWORKDAYS(DATE(2025,1,1), TODAY()) -> 0.02020202 | I6: =sum(E6+(C6*4)) -> 20 | J6: 0 | K6: 0 | AI6: T | AV6: T | BB6: AE | BJ6: A | BW6: AE | BX6: AE | BY6: AE | CG6: T | CM6: TE | CR6: AE | CZ6: AE | DH6: T | DK6: A | DU6: T | DV6: T | EG6: AE | EU6: A | FA6: A | FG6: AE | FH6: AE | FI6: AE | FM6: T | FT6: T | FU6: AE
A7: Alexei Marquez | B7: =IFERROR(__xludf.DUMMYFUNCTION("VLOOKUP(A7, IMPORTRANGE(""https://docs.google.com/spreadsheets/d/1KpTMcNM9m1P7u9qCVzob8p1-RZoC1ejaYs5CdpAbWFY/edit?gid=260580969#gid=260580969"", ""2025 EMP PROFILE DATA!a1:W98""), 22, FALSE)"),"#REF!") -> #REF! | C7: =COUNTIF(M7:NY7, "A") -> 1 | D7: =COUNTIF(M7:NY7, "AE") -> 1 | E7: =countif(M7:NY7, "T") -> 3 | F7: =countif(M7:NY7, "TE") -> 0 | G7: =C7 / NETWORKDAYS(DATE(2025,1,1), TODAY()) -> 0.0025252525 | H7: =E7 / NETWORKDAYS(DATE(2025,1,1), TODAY()) -> 0.0075757576 | I7: =sum(E7+(C7*4)) -> 7 | J7: 0 | K7: 0 | AE7: T | AL7: A | AW7: T | BQ7: T | BW7: AE
A8: Alysia Sanford | B8: =IFERROR(__xludf.DUMMYFUNCTION("VLOOKUP(A8, IMPORTRANGE(""https://docs.google.com/spreadsheets/d/1KpTMcNM9m1P7u9qCVzob8p1-RZoC1ejaYs5CdpAbWFY/edit?gid=260580969#gid=260580969"", ""2025 EMP PROFILE DATA!a1:W98""), 22, FALSE)"),"#REF!") -> #REF! | C8: =COUNTIF(M8:NY8, "A") -> 2 | D8: =COUNTIF(M8:NY8, "AE") -> 2 | E8: =countif(M8:NY8, "T") -> 34 | F8: =countif(M8:NY8, "TE") -> 3 | G8: =C8 / NETWORKDAYS(DATE(2025,1,1), TODAY()) -> 0.0050505051 | H8: =E8 / NETWORKDAYS(DATE(2025,1,1), TODAY()) -> 0.085858586 | I8: =sum(E8+(C8*4)) -> 42 | J8: 0 | K8: 0 | R8: T | S8: T | T8: T | U8: T | AM8: T | AN8: T | AP8: TE | AQ8: T | AT8: T | AU8: T | AV8: T | AW8: T | AX8: T | BA8: T | BC8: T | BD8: T | BE8: T | BI8: T | BK8: TE | BL8: TE | BO8: T | BP8: T | BQ8: T | BW8: T | BY8: T | BZ8: T | CE8: T | CF8: T | CN8: T | DR8: AE | DU8: T | DX8: A | EA8: A | EB8: T | EC8: T | ED8: T | EE8: T | ES8: T | EZ8: AE | FC8: T | FH8: T
A9: Ana Diaz | B9: =IFERROR(__xludf.DUMMYFUNCTION("VLOOKUP(A9, IMPORTRANGE(""https://docs.google.com/spreadsheets/d/1KpTMcNM9m1P7u9qCVzob8p1-RZoC1ejaYs5CdpAbWFY/edit?gid=260580969#gid=260580969"", ""2025 EMP PROFILE DATA!a1:W98""), 22, FALSE)"),"#REF!") -> #REF! | C9: =COUNTIF(M9:NY9, "A") -> 0 | D9: =COUNTIF(M9:NY9, "AE") -> 0 | E9: =countif(M9:NY9, "T") -> 0 | F9: =countif(M9:NY9, "TE") -> 0 | G9: =C9 / NETWORKDAYS(DATE(2025,1,1), TODAY()) -> 0 | H9: =E9 / NETWORKDAYS(DATE(2025,1,1), TODAY()) -> 0 | I9: =sum(E9+(C9*4)) -> 0 | J9: 0 | K9: 0
A10: Ana Livia | B10: =IFERROR(__xludf.DUMMYFUNCTION("VLOOKUP(A10, IMPORTRANGE(""https://docs.google.com/spreadsheets/d/1KpTMcNM9m1P7u9qCVzob8p1-RZoC1ejaYs5CdpAbWFY/edit?gid=260580969#gid=260580969"", ""2025 EMP PROFILE DATA!a1:W98""), 22, FALSE)"),"#REF!") -> #REF! | C10: =COUNTIF(M10:NY10, "A") -> 0 | D10: =COUNTIF(M10:NY10, "AE") -> 0 | E10: =countif(M10:NY10, "T") -> 2 | F10: =countif(M10:NY10, "TE") -> 4 | G10: =C10 / NETWORKDAYS(DATE(2025,1,1), TODAY()) -> 0 | H10: =E10 / NETWORKDAYS(DATE(2025,1,1), TODAY()) -> 0.0050505051 | I10: =sum(E10+(C10*4)) -> 2 | J10: 0 | K10: 0 | CA10: T | DU10: TE | EB10: TE | EK10: T | FQ10: TE | GX10: TE
A11: Angela Fraga | B11: =IFERROR(__xludf.DUMMYFUNCTION("VLOOKUP(A11, IMPORTRANGE(""https://docs.google.com/spreadsheets/d/1KpTMcNM9m1P7u9qCVzob8p1-RZoC1ejaYs5CdpAbWFY/edit?gid=260580969#gid=260580969"", ""2025 EMP PROFILE DATA!a1:W98""), 22, FALSE)"),"#REF!") -> #REF! | C11: =COUNTIF(M11:NY11, "A") -> 0 | D11: =COUNTIF(M11:NY11, "AE") -> 1 | E11: =countif(M11:NY11, "T") -> 1 | F11: =countif(M11:NY11, "TE") -> 0 | G11: =C11 / NETWORKDAYS(DATE(2025,1,1), TODAY()) -> 0 | H11: =E11 / NETWORKDAYS(DATE(2025,1,1), TODAY()) -> 0.0025252525 | I11: =sum(E11+(C11*4)) -> 1 | J11: 0 | K11: 0 | BM11: AE | EU11: T
A12: Angela Lina | B12: =IFERROR(__xludf.DUMMYFUNCTION("VLOOKUP(A12, IMPORTRANGE(""https://docs.google.com/spreadsheets/d/1KpTMcNM9m1P7u9qCVzob8p1-RZoC1ejaYs5CdpAbWFY/edit?gid=260580969#gid=260580969"", ""2025 EMP PROFILE DATA!a1:W98""), 22, FALSE)"),"#REF!") -> #REF! | C12: =COUNTIF(M12:NY12, "A") -> 0 | D12: =COUNTIF(M12:NY12, "AE") -> 0 | E12: =countif(M12:NY12, "T") -> 0 | F12: =countif(M12:NY12, "TE") -> 0 | G12: =C12 / NETWORKDAYS(DATE(2025,1,1), TODAY()) -> 0 | H12: =E12 / NETWORKDAYS(DATE(2025,1,1), TODAY()) -> 0 | I12: =sum(E12+(C12*4)) -> 0 | J12: 0 | K12: 0
A13: Ashley Paredes | B13: =IFERROR(__xludf.DUMMYFUNCTION("VLOOKUP(A13, IMPORTRANGE(""https://docs.google.com/spreadsheets/d/1KpTMcNM9m1P7u9qCVzob8p1-RZoC1ejaYs5CdpAbWFY/edit?gid=260580969#gid=260580969"", ""2025 EMP PROFILE DATA!a1:W98""), 22, FALSE)"),"#REF!") -> #REF! | C13: =COUNTIF(M13:NY13, "A") -> 0 | D13: =COUNTIF(M13:NY13, "AE") -> 2 | E13: =countif(M13:NY13, "T") -> 4 | F13: =countif(M13:NY13, "TE") -> 5 | G13: =C13 / NETWORKDAYS(DATE(2025,1,1), TODAY()) -> 0 | H13: =E13 / NETWORKDAYS(DATE(2025,1,1), TODAY()) -> 0.01010101 | I13: =sum(E13+(C13*4)) -> 4 | J13: 0 | K13: 0 | AB13: T | BK13: TE | BS13: TE | CA13: TE | CD13: AE | CI13: TE | ET13: T | EV13: T | FM13: AE | GA13: T | GI13: TE
A14: Barbara Long | B14: =IFERROR(__xludf.DUMMYFUNCTION("VLOOKUP(A14, IMPORTRANGE(""https://docs.google.com/spreadsheets/d/1KpTMcNM9m1P7u9qCVzob8p1-RZoC1ejaYs5CdpAbWFY/edit?gid=260580969#gid=260580969"", ""2025 EMP PROFILE DATA!a1:W98""), 22, FALSE)"),"#REF!") -> #REF! | C14: =COUNTIF(M14:NY14, "A") -> 4 | D14: =COUNTIF(M14:NY14, "AE") -> 0 | E14: =countif(M14:NY14, "T") -> 3 | F14: =countif(M14:NY14, "TE") -> 0 | G14: =C14 / NETWORKDAYS(DATE(2025,1,1), TODAY()) -> 0.01010101 | H14: =E14 / NETWORKDAYS(DATE(2025,1,1), TODAY()) -> 0.0075757576 | I14: =sum(E14+(C14*4)) -> 19 | J14: 0 | K14: 0 | DH14: T | DI14: A | DU14: A | EE14: A | EG14: A | FR14: T | FX14: T
A15: Bianca Alfonso | B15: =IFERROR(__xludf.DUMMYFUNCTION("VLOOKUP(A15, IMPORTRANGE(""https://docs.google.com/spreadsheets/d/1KpTMcNM9m1P7u9qCVzob8p1-RZoC1ejaYs5CdpAbWFY/edit?gid=260580969#gid=260580969"", ""2025 EMP PROFILE DATA!a1:W98""), 22, FALSE)"),"#REF!") -> #REF! | C15: =COUNTIF(M15:NY15, "A") -> 1 | D15: =COUNTIF(M15:NY15, "AE") -> 0 | E15: =countif(M15:NY15, "T") -> 0 | F15: =countif(M15:NY15, "TE") -> 0 | G15: =C15 / NETWORKDAYS(DATE(2025,1,1), TODAY()) -> 0.0025252525 | H15: =E15 / NETWORKDAYS(DATE(2025,1,1), TODAY()) -> 0 | I15: =sum(E15+(C15*4)) -> 4 | J15: 0 | K15: 0 | FX15: A
A16: Brandon Orange | B16: =IFERROR(__xludf.DUMMYFUNCTION("VLOOKUP(A16, IMPORTRANGE(""https://docs.google.com/spreadsheets/d/1KpTMcNM9m1P7u9qCVzob8p1-RZoC1ejaYs5CdpAbWFY/edit?gid=260580969#gid=260580969"", ""2025 EMP PROFILE DATA!a1:W98""), 22, FALSE)"),"#REF!") -> #REF! | C16: =COUNTIF(M16:NY16, "A") -> 0 | D16: =COUNTIF(M16:NY16, "AE") -> 0 | E16: =countif(M16:NY16, "T") -> 19 | F16: =countif(M16:NY16, "TE") -> 5 | G16: =C16 / NETWORKDAYS(DATE(2025,1,1), TODAY()) -> 0 | H16: =E16 / NETWORKDAYS(DATE(2025,1,1), TODAY()) -> 0.047979798 | I16: =sum(E16+(C16*4)) -> 19 | J16: 0 | K16: 0 | Q16: T | R16: T | AM16: T | AT16: T | BD16: T | BE16: T | BF16: T | BI16: T | BQ16: T | BS16: TE | CE16: T | CF16: TE | CG16: TE | CK16: TE | CO16: TE | CZ16: T | DN16: T | DO16: T | DS16: T | DZ16: T | FF16: T | FJ16: T | GD16: T | GL16: T
A17: Brittany Finch | B17: =IFERROR(__xludf.DUMMYFUNCTION("VLOOKUP(A17, IMPORTRANGE(""https://docs.google.com/spreadsheets/d/1KpTMcNM9m1P7u9qCVzob8p1-RZoC1ejaYs5CdpAbWFY/edit?gid=260580969#gid=260580969"", ""2025 EMP PROFILE DATA!a1:W98""), 22, FALSE)"),"#REF!") -> #REF! | C17: =COUNTIF(M17:NY17, "A") -> 11 | D17: =COUNTIF(M17:NY17, "AE") -> 7 | E17: =countif(M17:NY17, "T") -> 9 | F17: =countif(M17:NY17, "TE") -> 0 | G17: =C17 / NETWORKDAYS(DATE(2025,1,1), TODAY()) -> 0.027777778 | H17: =E17 / NETWORKDAYS(DATE(2025,1,1), TODAY()) -> 0.022727273 | I17: =sum(E17+(C17*4)) -> 53 | J17: 0 | K17: 0 | O17: A | Q17: T | R17: T | T17: A | U17: T | X17: T | Z17: T | AV17: A | AW17: AE | AX17: AE | BA17: AE | CD17: A | CF17: T | CH17: T | CR17: AE | CW17: T | DB17: A | DG17: A | DL17: T | DU17: A | EJ17: A | FA17: A | FB17: A | FV17: A | GH17: AE | GI17: AE | GJ17: AE
A18: Caitlin Quenn | B18: =IFERROR(__xludf.DUMMYFUNCTION("VLOOKUP(A18, IMPORTRANGE(""https://docs.google.com/spreadsheets/d/1KpTMcNM9m1P7u9qCVzob8p1-RZoC1ejaYs5CdpAbWFY/edit?gid=260580969#gid=260580969"", ""2025 EMP PROFILE DATA!a1:W98""), 22, FALSE)"),"#REF!") -> #REF! | C18: =COUNTIF(M18:NY18, "A") -> 0 | D18: =COUNTIF(M18:NY18, "AE") -> 4 | E18: =countif(M18:NY18, "T") -> 3 | F18: =countif(M18:NY18, "TE") -> 0 | G18: =C18 / NETWORKDAYS(DATE(2025,1,1), TODAY()) -> 0 | H18: =E18 / NETWORKDAYS(DATE(2025,1,1), TODAY()) -> 0.0075757576 | I18: =sum(E18+(C18*4)) -> 3 | J18: 0 | K18: 0 | X18: AE | BC18: T | BY18: AE | CG18: AE | DW18: T | EH18: T | GO18: AE
A19: Carmen Chan | B19: =IFERROR(__xludf.DUMMYFUNCTION("VLOOKUP(A19, IMPORTRANGE(""https://docs.google.com/spreadsheets/d/1KpTMcNM9m1P7u9qCVzob8p1-RZoC1ejaYs5CdpAbWFY/edit?gid=260580969#gid=260580969"", ""2025 EMP PROFILE DATA!a1:W98""), 22, FALSE)"),"#REF!") -> #REF! | C19: =COUNTIF(M19:NY19, "A") -> 0 | D19: =COUNTIF(M19:NY19, "AE") -> 0 | E19: =countif(M19:NY19, "T") -> 32 | F19: =countif(M19:NY19, "TE") -> 0 | G19: =C19 / NETWORKDAYS(DATE(2025,1,1), TODAY()) -> 0 | H19: =E19 / NETWORKDAYS(DATE(2025,1,1), TODAY()) -> 0.080808081 | I19: =sum(E19+(C19*4)) -> 32 | J19: 0 | K19: 0 | N19: T | Q19: T | R19: T | BB19: T | BC19: T | BM19: T | BR19: T | BS19: T | BY19: T | CB19: T | CD19: T | CG19: T | CI19: T | CL19: T | CM19: T | CN19: T | CS19: T | DD19: T | DE19: T | DH19: T | DS19: T | DU19: T | DV19: T | DW19: T | EH19: T | EJ19: T | EX19: T | FP19: T | FU19: T | FV19: T | FW19: T | FX19: T
A20: Catherine Ramirez | B20: =IFERROR(__xludf.DUMMYFUNCTION("VLOOKUP(A20, IMPORTRANGE(""https://docs.google.com/spreadsheets/d/1KpTMcNM9m1P7u9qCVzob8p1-RZoC1ejaYs5CdpAbWFY/edit?gid=260580969#gid=260580969"", ""2025 EMP PROFILE DATA!a1:W98""), 22, FALSE)"),"#REF!") -> #REF! | C20: =COUNTIF(M20:NY20, "A") -> 0 | D20: =COUNTIF(M20:NY20, "AE") -> 2 | E20: =countif(M20:NY20, "T") -> 11 | F20: =countif(M20:NY20, "TE") -> 0 | G20: =C20 / NETWORKDAYS(DATE(2025,1,1), TODAY()) -> 0 | H20: =E20 / NETWORKDAYS(DATE(2025,1,1), TODAY()) -> 0.027777778 | I20: =sum(E20+(C20*4)) -> 11 | J20: 0 | K20: 0 | R20: T | T20: AE | X20: T | AA20: T | AF20: T | AV20: AE | BC20: T | BT20: T | CK20: T | CM20: T | DO20: T | DP20: T | FV20: T
A21: Christina Earnest | B21: =IFERROR(__xludf.DUMMYFUNCTION("VLOOKUP(A21, IMPORTRANGE(""https://docs.google.com/spreadsheets/d/1KpTMcNM9m1P7u9qCVzob8p1-RZoC1ejaYs5CdpAbWFY/edit?gid=260580969#gid=260580969"", ""2025 EMP PROFILE DATA!a1:W98""), 22, FALSE)"),"#REF!") -> #REF! | C21: =COUNTIF(M21:NY21, "A") -> 0 | D21: =COUNTIF(M21:NY21, "AE") -> 0 | E21: =countif(M21:NY21, "T") -> 0 | F21: =countif(M21:NY21, "TE") -> 0 | G21: =C21 / NETWORKDAYS(DATE(2025,1,1), TODAY()) -> 0 | H21: =E21 / NETWORKDAYS(DATE(2025,1,1), TODAY()) -> 0 | I21: =sum(E21+(C21*4)) -> 0 | J21: 0 | K21: 0
A22: Crystal Barrom | B22: =IFERROR(__xludf.DUMMYFUNCTION("VLOOKUP(A22, IMPORTRANGE(""https://docs.google.com/spreadsheets/d/1KpTMcNM9m1P7u9qCVzob8p1-RZoC1ejaYs5CdpAbWFY/edit?gid=260580969#gid=260580969"", ""2025 EMP PROFILE DATA!a1:W98""), 22, FALSE)"),"#REF!") -> #REF! | C22: =COUNTIF(M22:NY22, "A") -> 1 | D22: =COUNTIF(M22:NY22, "AE") -> 9 | E22: =countif(M22:NY22, "T") -> 7 | F22: =countif(M22:NY22, "TE") -> 5 | G22: =C22 / NETWORKDAYS(DATE(2025,1,1), TODAY()) -> 0.0025252525 | H22: =E22 / NETWORKDAYS(DATE(2025,1,1), TODAY()) -> 0.017676768 | I22: =sum(E22+(C22*4)) -> 11 | J22: 0 | K22: 0 | Q22: AE | Z22: T | AA22: T | AL22: AE | AP22: AE | AT22: AE | AV22: TE | BY22: TE | CE22: T | CL22: TE | DG22: AE | DJ22: T | EL22: AE | EM22: AE | EX22: A | FM22: TE | FO22: T | FP22: T | FQ22: TE | FV22: T | GJ22: AE | GK22: AE
A23: Cynthia Garcia | B23: =IFERROR(__xludf.DUMMYFUNCTION("VLOOKUP(A23, IMPORTRANGE(""https://docs.google.com/spreadsheets/d/1KpTMcNM9m1P7u9qCVzob8p1-RZoC1ejaYs5CdpAbWFY/edit?gid=260580969#gid=260580969"", ""2025 EMP PROFILE DATA!a1:W98""), 22, FALSE)"),"#REF!") -> #REF! | C23: =COUNTIF(M23:NY23, "A") -> 0 | D23: =COUNTIF(M23:NY23, "AE") -> 0 | E23: =countif(M23:NY23, "T") -> 0 | F23: =countif(M23:NY23, "TE") -> 0 | G23: =C23 / NETWORKDAYS(DATE(2025,1,1), TODAY()) -> 0 | H23: =E23 / NETWORKDAYS(DATE(2025,1,1), TODAY()) -> 0 | I23: =sum(E23+(C23*4)) -> 0 | J23: 0 | K23: 0
A24: Deija Lighon | B24: =IFERROR(__xludf.DUMMYFUNCTION("VLOOKUP(A24, IMPORTRANGE(""https://docs.google.com/spreadsheets/d/1KpTMcNM9m1P7u9qCVzob8p1-RZoC1ejaYs5CdpAbWFY/edit?gid=260580969#gid=260580969"", ""2025 EMP PROFILE DATA!a1:W98""), 22, FALSE)"),"#REF!") -> #REF! | C24: =COUNTIF(M24:NY24, "A") -> 2 | D24: =COUNTIF(M24:NY24, "AE") -> 0 | E24: =countif(M24:NY24, "T") -> 1 | F24: =countif(M24:NY24, "TE") -> 0 | G24: =C24 / NETWORKDAYS(DATE(2025,1,1), TODAY()) -> 0.0050505051 | H24: =E24 / NETWORKDAYS(DATE(2025,1,1), TODAY()) -> 0.0025252525 | I24: =sum(E24+(C24*4)) -> 9 | J24: 0 | K24: 0 | ER24: A | ES24: A | FB24: T
A25: Diana Monterde | B25: =IFERROR(__xludf.DUMMYFUNCTION("VLOOKUP(A25, IMPORTRANGE(""https://docs.google.com/spreadsheets/d/1KpTMcNM9m1P7u9qCVzob8p1-RZoC1ejaYs5CdpAbWFY/edit?gid=260580969#gid=260580969"", ""2025 EMP PROFILE DATA!a1:W98""), 22, FALSE)"),"#REF!") -> #REF! | C25: =COUNTIF(M25:NY25, "A") -> 0 | D25: =COUNTIF(M25:NY25, "AE") -> 3 | E25: =countif(M25:NY25, "T") -> 71 | F25: =countif(M25:NY25, "TE") -> 1 | G25: =C25 / NETWORKDAYS(DATE(2025,1,1), TODAY()) -> 0 | H25: =E25 / NETWORKDAYS(DATE(2025,1,1), TODAY()) -> 0.17929293 | I25: =sum(E25+(C25*4)) -> 71 | J25: 0 | K25: 0 | N25: T | O25: T | S25: T | T25: T | U25: T | V25: T | Y25: T | AF25: T | AI25: T | AL25: T | AM25: T | AO25: T | AQ25: T | AV25: T | AW25: T | AX25: AE | AY25: AE | BA25: T | BD25: T | BF25: T | BH25: T | BJ25: T | BK25: T | BL25: T | BR25: T | BS25: T | BT25: T | BW25: T | BX25: T | CB25: T | CD25: T | CG25: T | CH25: T | CI25: T | CK25: T | CM25: T | CN25: T | CO25: T | CP25: T | CR25: T | CS25: T | CU25: T | CY25: T | CZ25: T | DC25: T | DE25: T | DJ25: T | DN25: T | DP25: T | DQ25: T | DS25: T | DV25: T | DX25: T | DY25: T | DZ25: T | EE25: T | EG25: T | EK25: T | EO25: T | EQ25: T | ER25: T | EY25: T | EZ25: T | FQ25: T | FT25: T | FW25: T | FY25: T | GA25: T | GD25: T | GE25: T | GH25: T | GI25: T | GK25: AE | GL25: TE | GM25: T
A26: Dr. Claudia Lau | B26: =IFERROR(__xludf.DUMMYFUNCTION("VLOOKUP(A26, IMPORTRANGE(""https://docs.google.com/spreadsheets/d/1KpTMcNM9m1P7u9qCVzob8p1-RZoC1ejaYs5CdpAbWFY/edit?gid=260580969#gid=260580969"", ""2025 EMP PROFILE DATA!a1:W98""), 22, FALSE)"),"#REF!") -> #REF! | C26: =COUNTIF(M26:NY26, "A") -> 0 | D26: =COUNTIF(M26:NY26, "AE") -> 1 | E26: =countif(M26:NY26, "T") -> 49 | F26: =countif(M26:NY26, "TE") -> 0 | G26: =C26 / NETWORKDAYS(DATE(2025,1,1), TODAY()) -> 0 | H26: =E26 / NETWORKDAYS(DATE(2025,1,1), TODAY()) -> 0.12373737 | I26: =sum(E26+(C26*4)) -> 49 | J26: 0 | K26: 0 | R26: T | T26: T | U26: AE | X26: T | Y26: T | Z26: T | AA26: T | AB26: T | AF26: T | AI26: T | AL26: T | BZ26: T | CD26: T | CH26: T | CI26: T | CK26: T | CL26: T | CM26: T | CR26: T | CU26: T | CY26: T | CZ26: T | DG26: T | DH26: T | DI26: T | DO26: T | DP26: T | DQ26: T | DU26: T | DX26: T | DY26: T | DZ26: T | EB26: T | EC26: T | EE26: T | EJ26: T | EK26: T | EL26: T | EM26: T | EN26: T | ER26: T | ES26: T | FB26: T | FF26: T | FG26: T | FH26: T | GD26: T | GE26: T | GH26: T | GI26: T
A27: Dr. Ella Scott | B27: =IFERROR(__xludf.DUMMYFUNCTION("VLOOKUP(A27, IMPORTRANGE(""https://docs.google.com/spreadsheets/d/1KpTMcNM9m1P7u9qCVzob8p1-RZoC1ejaYs5CdpAbWFY/edit?gid=260580969#gid=260580969"", ""2025 EMP PROFILE DATA!a1:W98""), 22, FALSE)"),"#REF!") -> #REF! | C27: =COUNTIF(M27:NY27, "A") -> 0 | D27: =COUNTIF(M27:NY27, "AE") -> 0 | E27: =countif(M27:NY27, "T") -> 1 | F27: =countif(M27:NY27, "TE") -> 0 | G27: =C27 / NETWORKDAYS(DATE(2025,1,1), TODAY()) -> 0 | H27: =E27 / NETWORKDAYS(DATE(2025,1,1), TODAY()) -> 0.0025252525 | I27: =sum(E27+(C27*4)) -> 1 | J27: 0 | K27: 0 | DK27: T
A28: Dr. Faro | B28: =IFERROR(__xludf.DUMMYFUNCTION("VLOOKUP(A28, IMPORTRANGE(""https://docs.google.com/spreadsheets/d/1KpTMcNM9m1P7u9qCVzob8p1-RZoC1ejaYs5CdpAbWFY/edit?gid=260580969#gid=260580969"", ""2025 EMP PROFILE DATA!a1:W98""), 22, FALSE)"),"#REF!") -> #REF! | C28: =COUNTIF(M28:NY28, "A") -> 0 | D28: =COUNTIF(M28:NY28, "AE") -> 0 | E28: =countif(M28:NY28, "T") -> 20 | F28: =countif(M28:NY28, "TE") -> 0 | G28: =C28 / NETWORKDAYS(DATE(2025,1,1), TODAY()) -> 0 | H28: =E28 / NETWORKDAYS(DATE(2025,1,1), TODAY()) -> 0.050505051 | I28: =sum(E28+(C28*4)) -> 20 | J28: 0 | K28: 0 | BJ28: T | CG28: T | CS28: T | CZ28: T | DC28: T | DD28: T | DE28: T | DG28: T | DK28: T | DN28: T | DP28: T | DY28: T | EM28: T | EV28: T | FA28: T | FF28: T | FM28: T | FP28: T | GD28: T | GH28: T
A29: Dr. Garcia | B29: =IFERROR(__xludf.DUMMYFUNCTION("VLOOKUP(A29, IMPORTRANGE(""https://docs.google.com/spreadsheets/d/1KpTMcNM9m1P7u9qCVzob8p1-RZoC1ejaYs5CdpAbWFY/edit?gid=260580969#gid=260580969"", ""2025 EMP PROFILE DATA!a1:W98""), 22, FALSE)"),"#REF!") -> #REF! | C29: =COUNTIF(M29:NY29, "A") -> 0 | D29: =COUNTIF(M29:NY29, "AE") -> 0 | E29: =countif(M29:NY29, "T") -> 0 | F29: =countif(M29:NY29, "TE") -> 0 | G29: =C29 / NETWORKDAYS(DATE(2025,1,1), TODAY()) -> 0 | H29: =E29 / NETWORKDAYS(DATE(2025,1,1), TODAY()) -> 0 | I29: =sum(E29+(C29*4)) -> 0 | J29: 0 | K29: 0
A30: Dr. Geist | B30: =IFERROR(__xludf.DUMMYFUNCTION("VLOOKUP(A30, IMPORTRANGE(""https://docs.google.com/spreadsheets/d/1KpTMcNM9m1P7u9qCVzob8p1-RZoC1ejaYs5CdpAbWFY/edit?gid=260580969#gid=260580969"", ""2025 EMP PROFILE DATA!a1:W98""), 22, FALSE)"),"#REF!") -> #REF! | C30: =COUNTIF(M30:NY30, "A") -> 1 | D30: =COUNTIF(M30:NY30, "AE") -> 0 | E30: =countif(M30:NY30, "T") -> 20 | F30: =countif(M30:NY30, "TE") -> 0 | G30: =C30 / NETWORKDAYS(DATE(2025,1,1), TODAY()) -> 0.0025252525 | H30: =E30 / NETWORKDAYS(DATE(2025,1,1), TODAY()) -> 0.050505051 | I30: =sum(E30+(C30*4)) -> 24 | J30: 0 | K30: 0 | Z30: T | AE30: T | BI30: T | BL30: T | BQ30: T | BX30: T | BZ30: T | CD30: T | CE30: T | CK30: A | CL30: T | CP30: T | CR30: T | CS30: T | CT30: T | CV30: T | EE30: T | EY30: T | FH30: T | FU30: T | FW30: T
A31: Dr. Habawel | B31: =IFERROR(__xludf.DUMMYFUNCTION("VLOOKUP(A31, IMPORTRANGE(""https://docs.google.com/spreadsheets/d/1KpTMcNM9m1P7u9qCVzob8p1-RZoC1ejaYs5CdpAbWFY/edit?gid=260580969#gid=260580969"", ""2025 EMP PROFILE DATA!a1:W98""), 22, FALSE)"),"#REF!") -> #REF! | C31: =COUNTIF(M31:NY31, "A") -> 1 | D31: =COUNTIF(M31:NY31, "AE") -> 0 | E31: =countif(M31:NY31, "T") -> 11 | F31: =countif(M31:NY31, "TE") -> 0 | G31: =C31 / NETWORKDAYS(DATE(2025,1,1), TODAY()) -> 0.0025252525 | H31: =E31 / NETWORKDAYS(DATE(2025,1,1), TODAY()) -> 0.027777778 | I31: =sum(E31+(C31*4)) -> 15 | J31: 0 | K31: 0 | AM31: T | BQ31: T | BR31: T | CF31: A | CS31: T | DI31: T | DJ31: T | DK31: T | DR31: T | EK31: T | FG31: T | FH31: T
A32: Dr. Hoh | B32: =IFERROR(__xludf.DUMMYFUNCTION("VLOOKUP(A32, IMPORTRANGE(""https://docs.google.com/spreadsheets/d/1KpTMcNM9m1P7u9qCVzob8p1-RZoC1ejaYs5CdpAbWFY/edit?gid=260580969#gid=260580969"", ""2025 EMP PROFILE DATA!a1:W98""), 22, FALSE)"),"#REF!") -> #REF! | C32: =COUNTIF(M32:NY32, "A") -> 0 | D32: =COUNTIF(M32:NY32, "AE") -> 0 | E32: =countif(M32:NY32, "T") -> 1 | F32: =countif(M32:NY32, "TE") -> 0 | G32: =C32 / NETWORKDAYS(DATE(2025,1,1), TODAY()) -> 0 | H32: =E32 / NETWORKDAYS(DATE(2025,1,1), TODAY()) -> 0.0025252525 | I32: =sum(E32+(C32*4)) -> 1 | J32: 0 | K32: 0 | FG32: T
A33: Dr. Niko Alzate | B33: =IFERROR(__xludf.DUMMYFUNCTION("VLOOKUP(A33, IMPORTRANGE(""https://docs.google.com/spreadsheets/d/1KpTMcNM9m1P7u9qCVzob8p1-RZoC1ejaYs5CdpAbWFY/edit?gid=260580969#gid=260580969"", ""2025 EMP PROFILE DATA!a1:W98""), 22, FALSE)"),"#REF!") -> #REF! | C33: =COUNTIF(M33:NY33, "A") -> 0 | D33: =COUNTIF(M33:NY33, "AE") -> 0 | E33: =countif(M33:NY33, "T") -> 0 | F33: =countif(M33:NY33, "TE") -> 0 | G33: =C33 / NETWORKDAYS(DATE(2025,1,1), TODAY()) -> 0 | H33: =E33 / NETWORKDAYS(DATE(2025,1,1), TODAY()) -> 0 | I33: =sum(E33+(C33*4)) -> 0 | J33: 0 | K33: 0
A34: Dr. Rally | B34: =IFERROR(__xludf.DUMMYFUNCTION("VLOOKUP(A34, IMPORTRANGE(""https://docs.google.com/spreadsheets/d/1KpTMcNM9m1P7u9qCVzob8p1-RZoC1ejaYs5CdpAbWFY/edit?gid=260580969#gid=260580969"", ""2025 EMP PROFILE DATA!a1:W98""), 22, FALSE)"),"#REF!") -> #REF! | C34: =COUNTIF(M34:NY34, "A") -> 0 | D34: =COUNTIF(M34:NY34, "AE") -> 0 | E34: =countif(M34:NY34, "T") -> 22 | F34: =countif(M34:NY34, "TE") -> 0 | G34: =C34 / NETWORKDAYS(DATE(2025,1,1), TODAY()) -> 0 | H34: =E34 / NETWORKDAYS(DATE(2025,1,1), TODAY()) -> 0.055555556 | I34: =sum(E34+(C34*4)) -> 22 | J34: 0 | K34: 0 | Y34: T | AO34: T | BK34: T | BL34: T | BQ34: T | BR34: T | CG34: T | DI34: T | DQ34: T | DU34: T | EE34: T | EH34: T | EU34: T | EX34: T | FA34: T | FH34: T | FI34: T | FP34: T | FQ34: T | GA34: T | GD34: T | GH34: T
A35: Dr. Robertson | B35: =IFERROR(__xludf.DUMMYFUNCTION("VLOOKUP(A35, IMPORTRANGE(""https://docs.google.com/spreadsheets/d/1KpTMcNM9m1P7u9qCVzob8p1-RZoC1ejaYs5CdpAbWFY/edit?gid=260580969#gid=260580969"", ""2025 EMP PROFILE DATA!a1:W98""), 22, FALSE)"),"#REF!") -> #REF! | C35: =COUNTIF(M35:NY35, "A") -> 0 | D35: =COUNTIF(M35:NY35, "AE") -> 3 | E35: =countif(M35:NY35, "T") -> 10 | F35: =countif(M35:NY35, "TE") -> 0 | G35: =C35 / NETWORKDAYS(DATE(2025,1,1), TODAY()) -> 0 | H35: =E35 / NETWORKDAYS(DATE(2025,1,1), TODAY()) -> 0.025252525 | I35: =sum(E35+(C35*4)) -> 10 | J35: 0 | K35: 0 | AJ35: T | BD35: AE | BK35: T | BL35: T | BQ35: T | CG35: T | CN35: T | EM35: AE | EN35: AE | FA35: T | FI35: T | FP35: T | GB35: T
A36: Dr. Sherry Vartanian | B36: =IFERROR(__xludf.DUMMYFUNCTION("VLOOKUP(A36, IMPORTRANGE(""https://docs.google.com/spreadsheets/d/1KpTMcNM9m1P7u9qCVzob8p1-RZoC1ejaYs5CdpAbWFY/edit?gid=260580969#gid=260580969"", ""2025 EMP PROFILE DATA!a1:W98""), 22, FALSE)"),"#REF!") -> #REF! | C36: =COUNTIF(M36:NY36, "A") -> 0 | D36: =COUNTIF(M36:NY36, "AE") -> 5 | E36: =countif(M36:NY36, "T") -> 3 | F36: =countif(M36:NY36, "TE") -> 0 | G36: =C36 / NETWORKDAYS(DATE(2025,1,1), TODAY()) -> 0 | H36: =E36 / NETWORKDAYS(DATE(2025,1,1), TODAY()) -> 0.0075757576 | I36: =sum(E36+(C36*4)) -> 3 | J36: 0 | K36: 0 | AF36: T | AT36: AE | AU36: AE | AW36: AE | AX36: AE | AY36: AE | DP36: T | DV36: T
A37: Esmeralda Alfonso | B37: =IFERROR(__xludf.DUMMYFUNCTION("VLOOKUP(A37, IMPORTRANGE(""https://docs.google.com/spreadsheets/d/1KpTMcNM9m1P7u9qCVzob8p1-RZoC1ejaYs5CdpAbWFY/edit?gid=260580969#gid=260580969"", ""2025 EMP PROFILE DATA!a1:W98""), 22, FALSE)"),"#REF!") -> #REF! | C37: =COUNTIF(M37:NY37, "A") -> 1 | D37: =COUNTIF(M37:NY37, "AE") -> 0 | E37: =countif(M37:NY37, "T") -> 17 | F37: =countif(M37:NY37, "TE") -> 0 | G37: =C37 / NETWORKDAYS(DATE(2025,1,1), TODAY()) -> 0.0025252525 | H37: =E37 / NETWORKDAYS(DATE(2025,1,1), TODAY()) -> 0.042929293 | I37: =sum(E37+(C37*4)) -> 21 | J37: 0 | K37: 0 | Y37: T | AB37: T | CR37: T | CS37: T | CT37: T | CZ37: T | DB37: T | DD37: T | DK37: T | DO37: T | DW37: T | DX37: T | DY37: T | EB37: T | ED37: A | EL37: T | ET37: T | EV37: T
A38: Ethan Young | B38: =IFERROR(__xludf.DUMMYFUNCTION("VLOOKUP(A38, IMPORTRANGE(""https://docs.google.com/spreadsheets/d/1KpTMcNM9m1P7u9qCVzob8p1-RZoC1ejaYs5CdpAbWFY/edit?gid=260580969#gid=260580969"", ""2025 EMP PROFILE DATA!a1:W98""), 22, FALSE)"),"#REF!") -> #REF! | C38: =COUNTIF(M38:NY38, "A") -> 0 | D38: =COUNTIF(M38:NY38, "AE") -> 0 | E38: =countif(M38:NY38, "T") -> 3 | F38: =countif(M38:NY38, "TE") -> 0 | G38: =C38 / NETWORKDAYS(DATE(2025,1,1), TODAY()) -> 0 | H38: =E38 / NETWORKDAYS(DATE(2025,1,1), TODAY()) -> 0.0075757576 | I38: =sum(E38+(C38*4)) -> 3 | J38: 0 | K38: 0 | O38: T | AL38: T | GE38: T
A39: Fidel Fraga | B39: =IFERROR(__xludf.DUMMYFUNCTION("VLOOKUP(A39, IMPORTRANGE(""https://docs.google.com/spreadsheets/d/1KpTMcNM9m1P7u9qCVzob8p1-RZoC1ejaYs5CdpAbWFY/edit?gid=260580969#gid=260580969"", ""2025 EMP PROFILE DATA!a1:W98""), 22, FALSE)"),"#REF!") -> #REF! | C39: =COUNTIF(M39:NY39, "A") -> 1 | D39: =COUNTIF(M39:NY39, "AE") -> 2 | E39: =countif(M39:NY39, "T") -> 6 | F39: =countif(M39:NY39, "TE") -> 0 | G39: =C39 / NETWORKDAYS(DATE(2025,1,1), TODAY()) -> 0.0025252525 | H39: =E39 / NETWORKDAYS(DATE(2025,1,1), TODAY()) -> 0.015151515 | I39: =sum(E39+(C39*4)) -> 10 | J39: 0 | K39: 0 | R39: AE | AW39: T | BW39: T | CO39: A | CW39: T | DI39: T | DR39: T | FU39: AE | GI39: T
A40: Gladys Castro | B40: =IFERROR(__xludf.DUMMYFUNCTION("VLOOKUP(A40, IMPORTRANGE(""https://docs.google.com/spreadsheets/d/1KpTMcNM9m1P7u9qCVzob8p1-RZoC1ejaYs5CdpAbWFY/edit?gid=260580969#gid=260580969"", ""2025 EMP PROFILE DATA!a1:W98""), 22, FALSE)"),"#REF!") -> #REF! | C40: =COUNTIF(M40:NY40, "A") -> 6 | D40: =COUNTIF(M40:NY40, "AE") -> 1 | E40: =countif(M40:NY40, "T") -> 7 | F40: =countif(M40:NY40, "TE") -> 0 | G40: =C40 / NETWORKDAYS(DATE(2025,1,1), TODAY()) -> 0.015151515 | H40: =E40 / NETWORKDAYS(DATE(2025,1,1), TODAY()) -> 0.017676768 | I40: =sum(E40+(C40*4)) -> 31 | J40: 0 | K40: 0 | Z40: T | AA40: A | AH40: T | BD40: A | BJ40: A | BK40: T | BQ40: T | BZ40: T | CN40: T | DB40: AE | DC40: A | DX40: T | EM40: A | EZ40: A
A41: Isabelle Johnstone | B41: =IFERROR(__xludf.DUMMYFUNCTION("VLOOKUP(A41, IMPORTRANGE(""https://docs.google.com/spreadsheets/d/1KpTMcNM9m1P7u9qCVzob8p1-RZoC1ejaYs5CdpAbWFY/edit?gid=260580969#gid=260580969"", ""2025 EMP PROFILE DATA!a1:W98""), 22, FALSE)"),"#REF!") -> #REF! | C41: =COUNTIF(M41:NY41, "A") -> 1 | D41: =COUNTIF(M41:NY41, "AE") -> 1 | E41: =countif(M41:NY41, "T") -> 0 | F41: =countif(M41:NY41, "TE") -> 0 | G41: =C41 / NETWORKDAYS(DATE(2025,1,1), TODAY()) -> 0.0025252525 | H41: =E41 / NETWORKDAYS(DATE(2025,1,1), TODAY()) -> 0 | I41: =sum(E41+(C41*4)) -> 4 | J41: 0 | K41: 0 | FA41: A | GO41: AE
A42: Jennifer Velasquez | B42: =IFERROR(__xludf.DUMMYFUNCTION("VLOOKUP(A42, IMPORTRANGE(""https://docs.google.com/spreadsheets/d/1KpTMcNM9m1P7u9qCVzob8p1-RZoC1ejaYs5CdpAbWFY/edit?gid=260580969#gid=260580969"", ""2025 EMP PROFILE DATA!a1:W98""), 22, FALSE)"),"#REF!") -> #REF! | C42: =COUNTIF(M42:NY42, "A") -> 5 | D42: =COUNTIF(M42:NY42, "AE") -> 7 | E42: =countif(M42:NY42, "T") -> 14 | F42: =countif(M42:NY42, "TE") -> 0 | G42: =C42 / NETWORKDAYS(DATE(2025,1,1), TODAY()) -> 0.012626263 | H42: =E42 / NETWORKDAYS(DATE(2025,1,1), TODAY()) -> 0.035353535 | I42: =sum(E42+(C42*4)) -> 34 | J42: 0 | K42: 0 | V42: A | Y42: A | AA42: T | AJ42: T | AU42: A | AV42: AE | AW42: AE | AX42: AE | BB42: T | BM42: AE | BR42: T | CA42: T | CE42: T | CF42: T | CR42: T | CT42: T | CW42: A | DB42: A | DC42: T | EZ42: T | FJ42: T | FQ42: AE | FR42: T | FY42: T | GO42: AE | GT42: AE
A43: Jessica Lucra | B43: =IFERROR(__xludf.DUMMYFUNCTION("VLOOKUP(A43, IMPORTRANGE(""https://docs.google.com/spreadsheets/d/1KpTMcNM9m1P7u9qCVzob8p1-RZoC1ejaYs5CdpAbWFY/edit?gid=260580969#gid=260580969"", ""2025 EMP PROFILE DATA!a1:W98""), 22, FALSE)"),"#REF!") -> #REF! | C43: =COUNTIF(M43:NY43, "A") -> 1 | D43: =COUNTIF(M43:NY43, "AE") -> 3 | E43: =countif(M43:NY43, "T") -> 21 | F43: =countif(M43:NY43, "TE") -> 0 | G43: =C43 / NETWORKDAYS(DATE(2025,1,1), TODAY()) -> 0.0025252525 | H43: =E43 / NETWORKDAYS(DATE(2025,1,1), TODAY()) -> 0.053030303 | I43: =sum(E43+(C43*4)) -> 25 | J43: 0 | K43: 0 | N43: T | O43: T | R43: T | U43: T | Y43: T | Z43: T | AB43: T | AC43: A | AG43: T | AH43: T | AL43: T | AO43: T | BI43: T | BQ43: T | BR43: T | CT43: AE | DB43: T | DJ43: T | DU43: AE | DV43: AE | EJ43: T | EO43: T | EU43: T | FB43: T | FU43: T
A44: Jessica Salazar | B44: =IFERROR(__xludf.DUMMYFUNCTION("VLOOKUP(A44, IMPORTRANGE(""https://docs.google.com/spreadsheets/d/1KpTMcNM9m1P7u9qCVzob8p1-RZoC1ejaYs5CdpAbWFY/edit?gid=260580969#gid=260580969"", ""2025 EMP PROFILE DATA!a1:W98""), 22, FALSE)"),"#REF!") -> #REF! | C44: =COUNTIF(M44:NY44, "A") -> 2 | D44: =COUNTIF(M44:NY44, "AE") -> 0 | E44: =countif(M44:NY44, "T") -> 19 | F44: =countif(M44:NY44, "TE") -> 0 | G44: =C44 / NETWORKDAYS(DATE(2025,1,1), TODAY()) -> 0.0050505051 | H44: =E44 / NETWORKDAYS(DATE(2025,1,1), TODAY()) -> 0.047979798 | I44: =sum(E44+(C44*4)) -> 27 | J44: 0 | K44: 0 | O44: T | R44: T | V44: A | X44: T | Y44: T | AP44: T | BK44: T | BQ44: T | BT44: T | CD44: T | CL44: T | CR44: T | CS44: T | DG44: A | DO44: T | DV44: T | DX44: T | ER44: T | FO44: T | FR44: T | GE44: T
A45: Joseph Reyes | B45: =IFERROR(__xludf.DUMMYFUNCTION("VLOOKUP(A45, IMPORTRANGE(""https://docs.google.com/spreadsheets/d/1KpTMcNM9m1P7u9qCVzob8p1-RZoC1ejaYs5CdpAbWFY/edit?gid=260580969#gid=260580969"", ""2025 EMP PROFILE DATA!a1:W98""), 22, FALSE)"),"#REF!") -> #REF! | C45: =COUNTIF(M45:NY45, "A") -> 2 | D45: =COUNTIF(M45:NY45, "AE") -> 0 | E45: =countif(M45:NY45, "T") -> 7 | F45: =countif(M45:NY45, "TE") -> 1 | G45: =C45 / NETWORKDAYS(DATE(2025,1,1), TODAY()) -> 0.0050505051 | H45: =E45 / NETWORKDAYS(DATE(2025,1,1), TODAY()) -> 0.017676768 | I45: =sum(E45+(C45*4)) -> 15 | J45: 0 | K45: 0 | BF45: T | BM45: T | CB45: T | CE45: T | DD45: A | DP45: T | EK45: A | FQ45: T | FU45: TE | GM45: T
A46: Karen Cuestas | B46: =IFERROR(__xludf.DUMMYFUNCTION("VLOOKUP(A46, IMPORTRANGE(""https://docs.google.com/spreadsheets/d/1KpTMcNM9m1P7u9qCVzob8p1-RZoC1ejaYs5CdpAbWFY/edit?gid=260580969#gid=260580969"", ""2025 EMP PROFILE DATA!a1:W98""), 22, FALSE)"),"#REF!") -> #REF! | C46: =COUNTIF(M46:NY46, "A") -> 2 | D46: =COUNTIF(M46:NY46, "AE") -> 0 | E46: =countif(M46:NY46, "T") -> 1 | F46: =countif(M46:NY46, "TE") -> 0 | G46: =C46 / NETWORKDAYS(DATE(2025,1,1), TODAY()) -> 0.0050505051 | H46: =E46 / NETWORKDAYS(DATE(2025,1,1), TODAY()) -> 0.0025252525 | I46: =sum(E46+(C46*4)) -> 9 | J46: 0 | K46: 0 | AO46: A | AQ46: T | BR46: A
A47: Ken Padilla | B47: =IFERROR(__xludf.DUMMYFUNCTION("VLOOKUP(A47, IMPORTRANGE(""https://docs.google.com/spreadsheets/d/1KpTMcNM9m1P7u9qCVzob8p1-RZoC1ejaYs5CdpAbWFY/edit?gid=260580969#gid=260580969"", ""2025 EMP PROFILE DATA!a1:W98""), 22, FALSE)"),"#REF!") -> #REF! | C47: =COUNTIF(M47:NY47, "A") -> 4 | D47: =COUNTIF(M47:NY47, "AE") -> 1 | E47: =countif(M47:NY47, "T") -> 9 | F47: =countif(M47:NY47, "TE") -> 0 | G47: =C47 / NETWORKDAYS(DATE(2025,1,1), TODAY()) -> 0.01010101 | H47: =E47 / NETWORKDAYS(DATE(2025,1,1), TODAY()) -> 0.022727273 | I47: =sum(E47+(C47*4)) -> 25 | J47: 0 | K47: 0 | S47: A | BZ47: T | CH47: T | CM47: AE | CT47: T | CY47: A | DG47: A | DN47: T | DO47: T | DZ47: T | ET47: T | EX47: T | FN47: T | FO47: A
A48: Kirtlynn Moller | B48: =IFERROR(__xludf.DUMMYFUNCTION("VLOOKUP(A48, IMPORTRANGE(""https://docs.google.com/spreadsheets/d/1KpTMcNM9m1P7u9qCVzob8p1-RZoC1ejaYs5CdpAbWFY/edit?gid=260580969#gid=260580969"", ""2025 EMP PROFILE DATA!a1:W98""), 22, FALSE)"),"#REF!") -> #REF! | C48: =COUNTIF(M48:NY48, "A") -> 1 | D48: =COUNTIF(M48:NY48, "AE") -> 14 | E48: =countif(M48:NY48, "T") -> 2 | F48: =countif(M48:NY48, "TE") -> 0 | G48: =C48 / NETWORKDAYS(DATE(2025,1,1), TODAY()) -> 0.0025252525 | H48: =E48 / NETWORKDAYS(DATE(2025,1,1), TODAY()) -> 0.0050505051 | I48: =sum(E48+(C48*4)) -> 6 | J48: 0 | K48: 0 | T48: A | AT48: AE | BD48: AE | BE48: AE | BF48: AE | BO48: AE | BS48: AE | BT48: AE | CA48: AE | CE48: T | CF48: T | CG48: AE | CH48: AE | EH48: AE | EN48: AE | EO48: AE | EQ48: AE
A49: Laura Lucia | B49: =IFERROR(__xludf.DUMMYFUNCTION("VLOOKUP(A49, IMPORTRANGE(""https://docs.google.com/spreadsheets/d/1KpTMcNM9m1P7u9qCVzob8p1-RZoC1ejaYs5CdpAbWFY/edit?gid=260580969#gid=260580969"", ""2025 EMP PROFILE DATA!a1:W98""), 22, FALSE)"),"#REF!") -> #REF! | C49: =COUNTIF(M49:NY49, "A") -> 4 | D49: =COUNTIF(M49:NY49, "AE") -> 8 | E49: =countif(M49:NY49, "T") -> 9 | F49: =countif(M49:NY49, "TE") -> 2 | G49: =C49 / NETWORKDAYS(DATE(2025,1,1), TODAY()) -> 0.01010101 | H49: =E49 / NETWORKDAYS(DATE(2025,1,1), TODAY()) -> 0.022727273 | I49: =sum(E49+(C49*4)) -> 25 | J49: 0 | K49: 0 | R49: A | AE49: AE | AF49: AE | AH49: AE | AI49: AE | AJ49: AE | AN49: T | AW49: T | BA49: T | BD49: T | BS49: AE | DB49: AE | DG49: TE | DO49: T | DY49: A | EG49: A | ES49: TE | EX49: T | FI49: T | FM49: T | FP49: A | FW49: T | GJ49: AE
A50: Laurence Marai | B50: =IFERROR(__xludf.DUMMYFUNCTION("VLOOKUP(A50, IMPORTRANGE(""https://docs.google.com/spreadsheets/d/1KpTMcNM9m1P7u9qCVzob8p1-RZoC1ejaYs5CdpAbWFY/edit?gid=260580969#gid=260580969"", ""2025 EMP PROFILE DATA!a1:W98""), 22, FALSE)"),"#REF!") -> #REF! | C50: =COUNTIF(M50:NY50, "A") -> 0 | D50: =COUNTIF(M50:NY50, "AE") -> 6 | E50: =countif(M50:NY50, "T") -> 0 | F50: =countif(M50:NY50, "TE") -> 0 | G50: =C50 / NETWORKDAYS(DATE(2025,1,1), TODAY()) -> 0 | H50: =E50 / NETWORKDAYS(DATE(2025,1,1), TODAY()) -> 0 | I50: =sum(E50+(C50*4)) -> 0 | J50: 0 | K50: 0 | AW50: AE | AX50: AE | CM50: AE | ED50: AE | EG50: AE | GT50: AE
A51: Leticia Ceja | B51: =IFERROR(__xludf.DUMMYFUNCTION("VLOOKUP(A51, IMPORTRANGE(""https://docs.google.com/spreadsheets/d/1KpTMcNM9m1P7u9qCVzob8p1-RZoC1ejaYs5CdpAbWFY/edit?gid=260580969#gid=260580969"", ""2025 EMP PROFILE DATA!a1:W98""), 22, FALSE)"),"#REF!") -> #REF! | C51: =COUNTIF(M51:NY51, "A") -> 1 | D51: =COUNTIF(M51:NY51, "AE") -> 2 | E51: =countif(M51:NY51, "T") -> 1 | F51: =countif(M51:NY51, "TE") -> 0 | G51: =C51 / NETWORKDAYS(DATE(2025,1,1), TODAY()) -> 0.0025252525 | H51: =E51 / NETWORKDAYS(DATE(2025,1,1), TODAY()) -> 0.0025252525 | I51: =sum(E51+(C51*4)) -> 5 | J51: 0 | K51: 0 | AV51: T | EJ51: AE | EK51: AE | FY51: A
A52: Lisa Girtain | B52: =IFERROR(__xludf.DUMMYFUNCTION("VLOOKUP(A52, IMPORTRANGE(""https://docs.google.com/spreadsheets/d/1KpTMcNM9m1P7u9qCVzob8p1-RZoC1ejaYs5CdpAbWFY/edit?gid=260580969#gid=260580969"", ""2025 EMP PROFILE DATA!a1:W98""), 22, FALSE)"),"#REF!") -> #REF! | C52: =COUNTIF(M52:NY52, "A") -> 0 | D52: =COUNTIF(M52:NY52, "AE") -> 0 | E52: =countif(M52:NY52, "T") -> 0 | F52: =countif(M52:NY52, "TE") -> 0 | G52: =C52 / NETWORKDAYS(DATE(2025,1,1), TODAY()) -> 0 | H52: =E52 / NETWORKDAYS(DATE(2025,1,1), TODAY()) -> 0 | I52: =sum(E52+(C52*4)) -> 0 | J52: 0 | K52: 0
A53: Lizbeth Martinez | B53: =IFERROR(__xludf.DUMMYFUNCTION("VLOOKUP(A53, IMPORTRANGE(""https://docs.google.com/spreadsheets/d/1KpTMcNM9m1P7u9qCVzob8p1-RZoC1ejaYs5CdpAbWFY/edit?gid=260580969#gid=260580969"", ""2025 EMP PROFILE DATA!a1:W98""), 22, FALSE)"),"#REF!") -> #REF! | C53: =COUNTIF(M53:NY53, "A") -> 2 | D53: =COUNTIF(M53:NY53, "AE") -> 4 | E53: =countif(M53:NY53, "T") -> 5 | F53: =countif(M53:NY53, "TE") -> 1 | G53: =C53 / NETWORKDAYS(DATE(2025,1,1), TODAY()) -> 0.0050505051 | H53: =E53 / NETWORKDAYS(DATE(2025,1,1), TODAY()) -> 0.012626263 | I53: =sum(E53+(C53*4)) -> 13 | J53: 0 | K53: 0 | BR53: A | CN53: T | CU53: T | CY53: A | DJ53: T | DN53: AE | DO53: AE | DU53: TE | FJ53: AE | FV53: T | GC53: T | GS53: AE
A54: Madison Greco | B54: =IFERROR(__xludf.DUMMYFUNCTION("VLOOKUP(A54, IMPORTRANGE(""https://docs.google.com/spreadsheets/d/1KpTMcNM9m1P7u9qCVzob8p1-RZoC1ejaYs5CdpAbWFY/edit?gid=260580969#gid=260580969"", ""2025 EMP PROFILE DATA!a1:W98""), 22, FALSE)"),"#REF!") -> #REF! | C54: =COUNTIF(M54:NY54, "A") -> 1 | D54: =COUNTIF(M54:NY54, "AE") -> 0 | E54: =countif(M54:NY54, "T") -> 0 | F54: =countif(M54:NY54, "TE") -> 0 | G54: =C54 / NETWORKDAYS(DATE(2025,1,1), TODAY()) -> 0.0025252525 | H54: =E54 / NETWORKDAYS(DATE(2025,1,1), TODAY()) -> 0 | I54: =sum(E54+(C54*4)) -> 4 | J54: 0 | K54: 0 | AI54: A
A55: Marelyn Ventura | B55: =IFERROR(__xludf.DUMMYFUNCTION("VLOOKUP(A55, IMPORTRANGE(""https://docs.google.com/spreadsheets/d/1KpTMcNM9m1P7u9qCVzob8p1-RZoC1ejaYs5CdpAbWFY/edit?gid=260580969#gid=260580969"", ""2025 EMP PROFILE DATA!a1:W98""), 22, FALSE)"),"#REF!") -> #REF! | C55: =COUNTIF(M55:NY55, "A") -> 0 | D55: =COUNTIF(M55:NY55, "AE") -> 0 | E55: =countif(M55:NY55, "T") -> 1 | F55: =countif(M55:NY55, "TE") -> 0 | G55: =C55 / NETWORKDAYS(DATE(2025,1,1), TODAY()) -> 0 | H55: =E55 / NETWORKDAYS(DATE(2025,1,1), TODAY()) -> 0.0025252525 | I55: =sum(E55+(C55*4)) -> 1 | J55: 0 | K55: 0 | FQ55: T
A56: Maria Portillo | B56: =IFERROR(__xludf.DUMMYFUNCTION("VLOOKUP(A56, IMPORTRANGE(""https://docs.google.com/spreadsheets/d/1KpTMcNM9m1P7u9qCVzob8p1-RZoC1ejaYs5CdpAbWFY/edit?gid=260580969#gid=260580969"", ""2025 EMP PROFILE DATA!a1:W98""), 22, FALSE)"),"#REF!") -> #REF! | C56: =COUNTIF(M56:NY56, "A") -> 3 | D56: =COUNTIF(M56:NY56, "AE") -> 2 | E56: =countif(M56:NY56, "T") -> 0 | F56: =countif(M56:NY56, "TE") -> 0 | G56: =C56 / NETWORKDAYS(DATE(2025,1,1), TODAY()) -> 0.0075757576 | H56: =E56 / NETWORKDAYS(DATE(2025,1,1), TODAY()) -> 0 | I56: =sum(E56+(C56*4)) -> 12 | J56: 0 | K56: 0 | AJ56: A | AW56: A | DJ56: A | FZ56: AE | GB56: AE
A57: Maria Salazar | B57: =IFERROR(__xludf.DUMMYFUNCTION("VLOOKUP(A57, IMPORTRANGE(""https://docs.google.com/spreadsheets/d/1KpTMcNM9m1P7u9qCVzob8p1-RZoC1ejaYs5CdpAbWFY/edit?gid=260580969#gid=260580969"", ""2025 EMP PROFILE DATA!a1:W98""), 22, FALSE)"),"#REF!") -> #REF! | C57: =COUNTIF(M57:NY57, "A") -> 2 | D57: =COUNTIF(M57:NY57, "AE") -> 1 | E57: =countif(M57:NY57, "T") -> 4 | F57: =countif(M57:NY57, "TE") -> 0 | G57: =C57 / NETWORKDAYS(DATE(2025,1,1), TODAY()) -> 0.0050505051 | H57: =E57 / NETWORKDAYS(DATE(2025,1,1), TODAY()) -> 0.01010101 | I57: =sum(E57+(C57*4)) -> 12 | J57: 0 | K57: 0 | CK57: A | CR57: T | DL57: T | EB57: T | EH57: T | EU57: A | FT57: AE
A58: Markie Perez | B58: =IFERROR(__xludf.DUMMYFUNCTION("VLOOKUP(A58, IMPORTRANGE(""https://docs.google.com/spreadsheets/d/1KpTMcNM9m1P7u9qCVzob8p1-RZoC1ejaYs5CdpAbWFY/edit?gid=260580969#gid=260580969"", ""2025 EMP PROFILE DATA!a1:W98""), 22, FALSE)"),"#REF!") -> #REF! | C58: =COUNTIF(M58:NY58, "A") -> 1 | D58: =COUNTIF(M58:NY58, "AE") -> 3 | E58: =countif(M58:NY58, "T") -> 40 | F58: =countif(M58:NY58, "TE") -> 2 | G58: =C58 / NETWORKDAYS(DATE(2025,1,1), TODAY()) -> 0.0025252525 | H58: =E58 / NETWORKDAYS(DATE(2025,1,1), TODAY()) -> 0.1010101 | I58: =sum(E58+(C58*4)) -> 44 | J58: 0 | K58: 0 | R58: T | S58: T | T58: T | U58: T | X58: T | Y58: A | AA58: T | AB58: T | AG58: T | AO58: T | AX58: T | BC58: T | BH58: T | BO58: T | BP58: T | BQ58: T | BR58: T | BY58: T | CD58: T | CM58: T | CN58: T | CR58: T | DC58: T | DD58: T | DG58: TE | DI58: T | DL58: T | DN58: T | DP58: T | DU58: AE | DW58: T | EB58: T | EC58: T | EH58: AE | EJ58: T | EK58: T | EL58: T | ER58: T | EZ58: T | FA58: T | FJ58: T | FT58: T | GA58: T | GB58: TE | GH58: T | GS58: AE
A59: Megan Rolnik | B59: =IFERROR(__xludf.DUMMYFUNCTION("VLOOKUP(A59, IMPORTRANGE(""https://docs.google.com/spreadsheets/d/1KpTMcNM9m1P7u9qCVzob8p1-RZoC1ejaYs5CdpAbWFY/edit?gid=260580969#gid=260580969"", ""2025 EMP PROFILE DATA!a1:W98""), 22, FALSE)"),"#REF!") -> #REF! | C59: =COUNTIF(M59:NY59, "A") -> 1 | D59: =COUNTIF(M59:NY59, "AE") -> 0 | E59: =countif(M59:NY59, "T") -> 0 | F59: =countif(M59:NY59, "TE") -> 0 | G59: =C59 / NETWORKDAYS(DATE(2025,1,1), TODAY()) -> 0.0025252525 | H59: =E59 / NETWORKDAYS(DATE(2025,1,1), TODAY()) -> 0 | I59: =sum(E59+(C59*4)) -> 4 | J59: 0 | K59: 0 | DK59: A
A60: Miguel Antonio | B60: =IFERROR(__xludf.DUMMYFUNCTION("VLOOKUP(A60, IMPORTRANGE(""https://docs.google.com/spreadsheets/d/1KpTMcNM9m1P7u9qCVzob8p1-RZoC1ejaYs5CdpAbWFY/edit?gid=260580969#gid=260580969"", ""2025 EMP PROFILE DATA!a1:W98""), 22, FALSE)"),"#REF!") -> #REF! | C60: =COUNTIF(M60:NY60, "A") -> 1 | D60: =COUNTIF(M60:NY60, "AE") -> 3 | E60: =countif(M60:NY60, "T") -> 28 | F60: =countif(M60:NY60, "TE") -> 2 | G60: =C60 / NETWORKDAYS(DATE(2025,1,1), TODAY()) -> 0.0025252525 | H60: =E60 / NETWORKDAYS(DATE(2025,1,1), TODAY()) -> 0.070707071 | I60: =sum(E60+(C60*4)) -> 32 | J60: 0 | K60: 0 | Z60: A | AC60: T | AG60: T | AN60: T | AV60: TE | BA60: T | BB60: T | BH60: T | BI60: T | BJ60: T | BK60: T | BQ60: T | BS60: T | BY60: T | BZ60: T | CE60: T | CF60: T | CG60: T | CP60: T | CS60: T | CT60: T | CZ60: T | DB60: T | DC60: T | DE60: T | DN60: T | DU60: T | ER60: T | EX60: T | FP60: T | FW60: AE | GA60: TE | GB60: AE | GC60: AE
A61: Monica Vargaa | B61: =IFERROR(__xludf.DUMMYFUNCTION("VLOOKUP(A61, IMPORTRANGE(""https://docs.google.com/spreadsheets/d/1KpTMcNM9m1P7u9qCVzob8p1-RZoC1ejaYs5CdpAbWFY/edit?gid=260580969#gid=260580969"", ""2025 EMP PROFILE DATA!a1:W98""), 22, FALSE)"),"#REF!") -> #REF! | C61: =COUNTIF(M61:NY61, "A") -> 0 | D61: =COUNTIF(M61:NY61, "AE") -> 0 | E61: =countif(M61:NY61, "T") -> 0 | F61: =countif(M61:NY61, "TE") -> 0 | G61: =C61 / NETWORKDAYS(DATE(2025,1,1), TODAY()) -> 0 | H61: =E61 / NETWORKDAYS(DATE(2025,1,1), TODAY()) -> 0 | I61: =sum(E61+(C61*4)) -> 0 | J61: 0 | K61: 0
A62: Natalie Ulloa | B62: =IFERROR(__xludf.DUMMYFUNCTION("VLOOKUP(A62, IMPORTRANGE(""https://docs.google.com/spreadsheets/d/1KpTMcNM9m1P7u9qCVzob8p1-RZoC1ejaYs5CdpAbWFY/edit?gid=260580969#gid=260580969"", ""2025 EMP PROFILE DATA!a1:W98""), 22, FALSE)"),"#REF!") -> #REF! | C62: =COUNTIF(M62:NY62, "A") -> 3 | D62: =COUNTIF(M62:NY62, "AE") -> 1 | E62: =countif(M62:NY62, "T") -> 2 | F62: =countif(M62:NY62, "TE") -> 0 | G62: =C62 / NETWORKDAYS(DATE(2025,1,1), TODAY()) -> 0.0075757576 | H62: =E62 / NETWORKDAYS(DATE(2025,1,1), TODAY()) -> 0.0050505051 | I62: =sum(E62+(C62*4)) -> 14 | J62: 0 | K62: 0 | AL62: A | AN62: T | DI62: A | DO62: A | DP62: T | GJ62: AE
A63: Nauman Ali | B63: =IFERROR(__xludf.DUMMYFUNCTION("VLOOKUP(A63, IMPORTRANGE(""https://docs.google.com/spreadsheets/d/1KpTMcNM9m1P7u9qCVzob8p1-RZoC1ejaYs5CdpAbWFY/edit?gid=260580969#gid=260580969"", ""2025 EMP PROFILE DATA!a1:W98""), 22, FALSE)"),"#REF!") -> #REF! | C63: =COUNTIF(M63:NY63, "A") -> 2 | D63: =COUNTIF(M63:NY63, "AE") -> 1 | E63: =countif(M63:NY63, "T") -> 34 | F63: =countif(M63:NY63, "TE") -> 0 | G63: =C63 / NETWORKDAYS(DATE(2025,1,1), TODAY()) -> 0.0050505051 | H63: =E63 / NETWORKDAYS(DATE(2025,1,1), TODAY()) -> 0.085858586 | I63: =sum(E63+(C63*4)) -> 42 | J63: 0 | K63: 0 | R63: T | V63: T | X63: T | Y63: T | AB63: T | AE63: T | AN63: T | AO63: T | AP63: T | AU63: T | AX63: T | BB63: A | BY63: T | BZ63: T | CD63: T | CE63: T | CI63: T | CK63: T | CP63: T | CR63: T | CU63: AE | CZ63: T | DO63: T | DP63: A | EE63: T | EL63: T | EN63: T | ER63: T | ET63: T | EV63: T | FA63: T | FF63: T | FG63: T | FJ63: T | FM63: T | FN63: T | GL63: T
A64: Nichole Gibbs | B64: =IFERROR(__xludf.DUMMYFUNCTION("VLOOKUP(A64, IMPORTRANGE(""https://docs.google.com/spreadsheets/d/1KpTMcNM9m1P7u9qCVzob8p1-RZoC1ejaYs5CdpAbWFY/edit?gid=260580969#gid=260580969"", ""2025 EMP PROFILE DATA!a1:W98""), 22, FALSE)"),"#REF!") -> #REF! | C64: =COUNTIF(M64:NY64, "A") -> 3 | D64: =COUNTIF(M64:NY64, "AE") -> 11 | E64: =countif(M64:NY64, "T") -> 1 | F64: =countif(M64:NY64, "TE") -> 1 | G64: =C64 / NETWORKDAYS(DATE(2025,1,1), TODAY()) -> 0.0075757576 | H64: =E64 / NETWORKDAYS(DATE(2025,1,1), TODAY()) -> 0.0025252525 | I64: =sum(E64+(C64*4)) -> 13 | J64: 0 | K64: 0 | AE64: AE | AF64: AE | BK64: AE | BL64: AE | CE64: AE | CF64: AE | CG64: AE | CH64: AE | CY64: AE | EC64: TE | EK64: A | EM64: T | EY64: A | FT64: A | FU64: AE | GP64: AE
A65: Nick Bermudez | B65: =IFERROR(__xludf.DUMMYFUNCTION("VLOOKUP(A65, IMPORTRANGE(""https://docs.google.com/spreadsheets/d/1KpTMcNM9m1P7u9qCVzob8p1-RZoC1ejaYs5CdpAbWFY/edit?gid=260580969#gid=260580969"", ""2025 EMP PROFILE DATA!a1:W98""), 22, FALSE)"),"#REF!") -> #REF! | C65: =COUNTIF(M65:NY65, "A") -> 6 | D65: =COUNTIF(M65:NY65, "AE") -> 0 | E65: =countif(M65:NY65, "T") -> 42 | F65: =countif(M65:NY65, "TE") -> 0 | G65: =C65 / NETWORKDAYS(DATE(2025,1,1), TODAY()) -> 0.015151515 | H65: =E65 / NETWORKDAYS(DATE(2025,1,1), TODAY()) -> 0.10606061 | I65: =sum(E65+(C65*4)) -> 66 | J65: 0 | K65: 0 | N65: T | O65: T | Q65: T | R65: T | T65: A | U65: T | Z65: T | AA65: T | AH65: T | AL65: A | AO65: T | AW65: T | BA65: T | BC65: T | BI65: A | BQ65: T | BX65: T | CF65: T | CG65: T | CH65: T | CK65: A | CR65: T | CT65: A | CU65: T | DH65: T | DI65: T | DR65: T | DS65: T | DU65: T | DY65: T | EE65: T | EG65: T | EJ65: T | EM65: T | EN65: T | EQ65: T | ES65: T | ET65: T | EX65: T | FH65: T | FJ65: T | FM65: T | FV65: T | FX65: T | FY65: T | GA65: A | GH65: T | GJ65: T
A66: Olivia Saenz | B66: =IFERROR(__xludf.DUMMYFUNCTION("VLOOKUP(A66, IMPORTRANGE(""https://docs.google.com/spreadsheets/d/1KpTMcNM9m1P7u9qCVzob8p1-RZoC1ejaYs5CdpAbWFY/edit?gid=260580969#gid=260580969"", ""2025 EMP PROFILE DATA!a1:W98""), 22, FALSE)"),"#REF!") -> #REF! | C66: =COUNTIF(M66:NY66, "A") -> 0 | D66: =COUNTIF(M66:NY66, "AE") -> 1 | E66: =countif(M66:NY66, "T") -> 0 | F66: =countif(M66:NY66, "TE") -> 0 | G66: =C66 / NETWORKDAYS(DATE(2025,1,1), TODAY()) -> 0 | H66: =E66 / NETWORKDAYS(DATE(2025,1,1), TODAY()) -> 0 | I66: =sum(E66+(C66*4)) -> 0 | J66: 0 | K66: 0 | GA66: AE
A67: Rachel Banyasz | B67: =IFERROR(__xludf.DUMMYFUNCTION("VLOOKUP(A67, IMPORTRANGE(""https://docs.google.com/spreadsheets/d/1KpTMcNM9m1P7u9qCVzob8p1-RZoC1ejaYs5CdpAbWFY/edit?gid=260580969#gid=260580969"", ""2025 EMP PROFILE DATA!a1:W98""), 22, FALSE)"),"#REF!") -> #REF! | C67: =COUNTIF(M67:NY67, "A") -> 1 | D67: =COUNTIF(M67:NY67, "AE") -> 0 | E67: =countif(M67:NY67, "T") -> 9 | F67: =countif(M67:NY67, "TE") -> 0 | G67: =C67 / NETWORKDAYS(DATE(2025,1,1), TODAY()) -> 0.0025252525 | H67: =E67 / NETWORKDAYS(DATE(2025,1,1), TODAY()) -> 0.022727273 | I67: =sum(E67+(C67*4)) -> 13 | J67: 0 | K67: 0 | AQ67: T | AX67: T | BE67: T | BR67: T | BT67: T | CG67: T | CP67: T | DO67: A | FV67: T | GE67: T
A68: Raquel Velez | B68: =IFERROR(__xludf.DUMMYFUNCTION("VLOOKUP(A68, IMPORTRANGE(""https://docs.google.com/spreadsheets/d/1KpTMcNM9m1P7u9qCVzob8p1-RZoC1ejaYs5CdpAbWFY/edit?gid=260580969#gid=260580969"", ""2025 EMP PROFILE DATA!a1:W98""), 22, FALSE)"),"#REF!") -> #REF! | C68: =COUNTIF(M68:NY68, "A") -> 8 | D68: =COUNTIF(M68:NY68, "AE") -> 2 | E68: =countif(M68:NY68, "T") -> 39 | F68: =countif(M68:NY68, "TE") -> 1 | G68: =C68 / NETWORKDAYS(DATE(2025,1,1), TODAY()) -> 0.02020202 | H68: =E68 / NETWORKDAYS(DATE(2025,1,1), TODAY()) -> 0.098484848 | I68: =sum(E68+(C68*4)) -> 71 | J68: 0 | K68: 0 | O68: A | S68: A | V68: T | Z68: T | AE68: T | AF68: T | AG68: T | AL68: T | AO68: A | BB68: T | BF68: A | BO68: T | BP68: T | BQ68: T | BW68: T | CD68: T | CI68: T | CL68: T | CM68: T | CS68: T | CT68: T | DB68: T | DG68: AE | DH68: AE | DJ68: T | DK68: A | DP68: T | DQ68: T | DU68: T | DV68: T | DW68: A | EB68: T | ED68: T | EE68: T | EH68: T | EK68: T | EL68: T | EQ68: TE | ER68: T | ES68: T | ET68: T | EU68: A | FN68: T | FO68: T | FP68: T | FR68: T | FT68: T | GA68: T | GF68: T | GK68: A
A69: Saul Garcia | B69: =IFERROR(__xludf.DUMMYFUNCTION("VLOOKUP(A69, IMPORTRANGE(""https://docs.google.com/spreadsheets/d/1KpTMcNM9m1P7u9qCVzob8p1-RZoC1ejaYs5CdpAbWFY/edit?gid=260580969#gid=260580969"", ""2025 EMP PROFILE DATA!a1:W98""), 22, FALSE)"),"#REF!") -> #REF! | C69: =COUNTIF(M69:NY69, "A") -> 0 | D69: =COUNTIF(M69:NY69, "AE") -> 3 | E69: =countif(M69:NY69, "T") -> 44 | F69: =countif(M69:NY69, "TE") -> 0 | G69: =C69 / NETWORKDAYS(DATE(2025,1,1), TODAY()) -> 0 | H69: =E69 / NETWORKDAYS(DATE(2025,1,1), TODAY()) -> 0.11111111 | I69: =sum(E69+(C69*4)) -> 44 | J69: 0 | K69: 0 | Y69: T | AF69: T | AP69: T | BC69: T | BK69: T | BM69: T | BS69: T | BY69: T | CG69: T | CL69: T | CM69: T | CR69: T | CV69: T | DB69: T | DC69: T | DI69: T | DK69: T | DO69: T | DP69: T | DQ69: T | DS69: T | DU69: T | DW69: T | DY69: T | EB69: T | ED69: T | EJ69: T | EN69: T | EO69: T | ET69: T | EV69: T | FC69: T | FG69: T | FH69: T | FI69: T | FJ69: T | FQ69: T | FT69: T | GB69: T | GD69: T | GE69: T | GF69: T | GH69: T | GJ69: T | GK69: AE | GL69: AE | GM69: AE
A70: Shelby Ackerman | B70: =IFERROR(__xludf.DUMMYFUNCTION("VLOOKUP(A70, IMPORTRANGE(""https://docs.google.com/spreadsheets/d/1KpTMcNM9m1P7u9qCVzob8p1-RZoC1ejaYs5CdpAbWFY/edit?gid=260580969#gid=260580969"", ""2025 EMP PROFILE DATA!a1:W98""), 22, FALSE)"),"#REF!") -> #REF! | C70: =COUNTIF(M70:NY70, "A") -> 5 | D70: =COUNTIF(M70:NY70, "AE") -> 4 | E70: =countif(M70:NY70, "T") -> 0 | F70: =countif(M70:NY70, "TE") -> 0 | G70: =C70 / NETWORKDAYS(DATE(2025,1,1), TODAY()) -> 0.012626263 | H70: =E70 / NETWORKDAYS(DATE(2025,1,1), TODAY()) -> 0 | I70: =sum(E70+(C70*4)) -> 20 | J70: 0 | K70: 0 | AA70: A | CD70: A | CE70: A | CM70: A | DD70: AE | EC70: AE | ER70: A | FV70: AE | FW70: AE
A71: Sierra Frasier | B71: =IFERROR(__xludf.DUMMYFUNCTION("VLOOKUP(A71, IMPORTRANGE(""https://docs.google.com/spreadsheets/d/1KpTMcNM9m1P7u9qCVzob8p1-RZoC1ejaYs5CdpAbWFY/edit?gid=260580969#gid=260580969"", ""2025 EMP PROFILE DATA!a1:W98""), 22, FALSE)"),"#REF!") -> #REF! | C71: =COUNTIF(M71:NY71, "A") -> 0 | D71: =COUNTIF(M71:NY71, "AE") -> 0 | E71: =countif(M71:NY71, "T") -> 0 | F71: =countif(M71:NY71, "TE") -> 0 | G71: =C71 / NETWORKDAYS(DATE(2025,1,1), TODAY()) -> 0 | H71: =E71 / NETWORKDAYS(DATE(2025,1,1), TODAY()) -> 0 | I71: =sum(E71+(C71*4)) -> 0 | J71: 0 | K71: 0
A72: Sierra Frasier | B72: =IFERROR(__xludf.DUMMYFUNCTION("VLOOKUP(A72, IMPORTRANGE(""https://docs.google.com/spreadsheets/d/1KpTMcNM9m1P7u9qCVzob8p1-RZoC1ejaYs5CdpAbWFY/edit?gid=260580969#gid=260580969"", ""2025 EMP PROFILE DATA!a1:W98""), 22, FALSE)"),"#REF!") -> #REF! | C72: =COUNTIF(M72:NY72, "A") -> 0 | D72: =COUNTIF(M72:NY72, "AE") -> 0 | E72: =countif(M72:NY72, "T") -> 0 | F72: =countif(M72:NY72, "TE") -> 0 | G72: =C72 / NETWORKDAYS(DATE(2025,1,1), TODAY()) -> 0 | H72: =E72 / NETWORKDAYS(DATE(2025,1,1), TODAY()) -> 0 | I72: =sum(E72+(C72*4)) -> 0 | J72: 0 | K72: 0
A73: Sonora Chavez | B73: =IFERROR(__xludf.DUMMYFUNCTION("VLOOKUP(A73, IMPORTRANGE(""https://docs.google.com/spreadsheets/d/1KpTMcNM9m1P7u9qCVzob8p1-RZoC1ejaYs5CdpAbWFY/edit?gid=260580969#gid=260580969"", ""2025 EMP PROFILE DATA!a1:W98""), 22, FALSE)"),"#REF!") -> #REF! | C73: =COUNTIF(M73:NY73, "A") -> 1 | D73: =COUNTIF(M73:NY73, "AE") -> 0 | E73: =countif(M73:NY73, "T") -> 1 | F73: =countif(M73:NY73, "TE") -> 0 | G73: =C73 / NETWORKDAYS(DATE(2025,1,1), TODAY()) -> 0.0025252525 | H73: =E73 / NETWORKDAYS(DATE(2025,1,1), TODAY()) -> 0.0025252525 | I73: =sum(E73+(C73*4)) -> 5 | J73: 0 | K73: 0 | CR73: T | FJ73: A
A74: Tanya Bennett | B74: =IFERROR(__xludf.DUMMYFUNCTION("VLOOKUP(A74, IMPORTRANGE(""https://docs.google.com/spreadsheets/d/1KpTMcNM9m1P7u9qCVzob8p1-RZoC1ejaYs5CdpAbWFY/edit?gid=260580969#gid=260580969"", ""2025 EMP PROFILE DATA!a1:W98""), 22, FALSE)"),"#REF!") -> #REF! | C74: =COUNTIF(M74:NY74, "A") -> 2 | D74: =COUNTIF(M74:NY74, "AE") -> 1 | E74: =countif(M74:NY74, "T") -> 1 | F74: =countif(M74:NY74, "TE") -> 0 | G74: =C74 / NETWORKDAYS(DATE(2025,1,1), TODAY()) -> 0.0050505051 | H74: =E74 / NETWORKDAYS(DATE(2025,1,1), TODAY()) -> 0.0025252525 | I74: =sum(E74+(C74*4)) -> 9 | J74: 0 | K74: 0 | AO74: A | DP74: A | EN74: T | FY74: AE
A75: Taylor Fox | B75: =IFERROR(__xludf.DUMMYFUNCTION("VLOOKUP(A75, IMPORTRANGE(""https://docs.google.com/spreadsheets/d/1KpTMcNM9m1P7u9qCVzob8p1-RZoC1ejaYs5CdpAbWFY/edit?gid=260580969#gid=260580969"", ""2025 EMP PROFILE DATA!a1:W98""), 22, FALSE)"),"#REF!") -> #REF! | C75: =COUNTIF(M75:NY75, "A") -> 1 | D75: =COUNTIF(M75:NY75, "AE") -> 0 | E75: =countif(M75:NY75, "T") -> 0 | F75: =countif(M75:NY75, "TE") -> 0 | G75: =C75 / NETWORKDAYS(DATE(2025,1,1), TODAY()) -> 0.0025252525 | H75: =E75 / NETWORKDAYS(DATE(2025,1,1), TODAY()) -> 0 | I75: =sum(E75+(C75*4)) -> 4 | J75: 0 | K75: 0 | FR75: A
A76: Taylor Fox | B76: =IFERROR(__xludf.DUMMYFUNCTION("VLOOKUP(A76, IMPORTRANGE(""https://docs.google.com/spreadsheets/d/1KpTMcNM9m1P7u9qCVzob8p1-RZoC1ejaYs5CdpAbWFY/edit?gid=260580969#gid=260580969"", ""2025 EMP PROFILE DATA!a1:W98""), 22, FALSE)"),"#REF!") -> #REF! | C76: =COUNTIF(M76:NY76, "A") -> 1 | D76: =COUNTIF(M76:NY76, "AE") -> 0 | E76: =countif(M76:NY76, "T") -> 0 | F76: =countif(M76:NY76, "TE") -> 0 | G76: =C76 / NETWORKDAYS(DATE(2025,1,1), TODAY()) -> 0.0025252525 | H76: =E76 / NETWORKDAYS(DATE(2025,1,1), TODAY()) -> 0 | I76: =sum(E76+(C76*4)) -> 4 | J76: 0 | K76: 0 | FJ76: A
A77: Tiffany Tesoro | B77: =IFERROR(__xludf.DUMMYFUNCTION("VLOOKUP(A77, IMPORTRANGE(""https://docs.google.com/spreadsheets/d/1KpTMcNM9m1P7u9qCVzob8p1-RZoC1ejaYs5CdpAbWFY/edit?gid=260580969#gid=260580969"", ""2025 EMP PROFILE DATA!a1:W98""), 22, FALSE)"),"#REF!") -> #REF! | C77: =COUNTIF(M77:NY77, "A") -> 0 | D77: =COUNTIF(M77:NY77, "AE") -> 4 | E77: =countif(M77:NY77, "T") -> 7 | F77: =countif(M77:NY77, "TE") -> 1 | G77: =C77 / NETWORKDAYS(DATE(2025,1,1), TODAY()) -> 0 | H77: =E77 / NETWORKDAYS(DATE(2025,1,1), TODAY()) -> 0.017676768 | I77: =sum(E77+(C77*4)) -> 7 | J77: 0 | K77: 0 | N77: T | V77: T | AA77: AE | AE77: AE | AF77: TE | AH77: AE | AT77: T | BI77: T | CN77: T | DN77: T | EL77: T | GO77: AE
A78: Vero Rios | B78: =IFERROR(__xludf.DUMMYFUNCTION("VLOOKUP(A78, IMPORTRANGE(""https://docs.google.com/spreadsheets/d/1KpTMcNM9m1P7u9qCVzob8p1-RZoC1ejaYs5CdpAbWFY/edit?gid=260580969#gid=260580969"", ""2025 EMP PROFILE DATA!a1:W98""), 22, FALSE)"),"#REF!") -> #REF! | C78: =COUNTIF(M78:NY78, "A") -> 5 | D78: =COUNTIF(M78:NY78, "AE") -> 6 | E78: =countif(M78:NY78, "T") -> 20 | F78: =countif(M78:NY78, "TE") -> 1 | G78: =C78 / NETWORKDAYS(DATE(2025,1,1), TODAY()) -> 0.012626263 | H78: =E78 / NETWORKDAYS(DATE(2025,1,1), TODAY()) -> 0.050505051 | I78: =sum(E78+(C78*4)) -> 40 | J78: 0 | K78: 0 | X78: A | Z78: T | AA78: T | AN78: T | AO78: T | AX78: A | AY78: T | BL78: A | BR78: T | CG78: AE | CH78: T | CL78: T | CR78: T | DD78: T | DE78: T | DO78: T | DU78: T | DW78: A | EK78: AE | EM78: T | EQ78: T | EU78: T | FB78: T | FO78: T | FP78: T | FU78: T | FV78: A | FW78: AE | FY78: AE | GJ78: AE | GK78: TE | GP78: AE
A79: Victoria Portillo | B79: =IFERROR(__xludf.DUMMYFUNCTION("VLOOKUP(A79, IMPORTRANGE(""https://docs.google.com/spreadsheets/d/1KpTMcNM9m1P7u9qCVzob8p1-RZoC1ejaYs5CdpAbWFY/edit?gid=260580969#gid=260580969"", ""2025 EMP PROFILE DATA!a1:W98""), 22, FALSE)"),"#REF!") -> #REF! | C79: =COUNTIF(M79:NY79, "A") -> 5 | D79: =COUNTIF(M79:NY79, "AE") -> 3 | E79: =countif(M79:NY79, "T") -> 8 | F79: =countif(M79:NY79, "TE") -> 0 | G79: =C79 / NETWORKDAYS(DATE(2025,1,1), TODAY()) -> 0.012626263 | H79: =E79 / NETWORKDAYS(DATE(2025,1,1), TODAY()) -> 0.02020202 | I79: =sum(E79+(C79*4)) -> 28 | J79: 0 | K79: 0 | AE79: AE | AT79: T | AY79: T | BJ79: T | CG79: T | CH79: AE | CU79: A | CV79: A | DP79: T | EO79: A | EQ79: T | EZ79: T | FO79: A | FP79: T | FU79: A | FW79: AE
A80: Yalila Martinez | B80: =IFERROR(__xludf.DUMMYFUNCTION("VLOOKUP(A80, IMPORTRANGE(""https://docs.google.com/spreadsheets/d/1KpTMcNM9m1P7u9qCVzob8p1-RZoC1ejaYs5CdpAbWFY/edit?gid=260580969#gid=260580969"", ""2025 EMP PROFILE DATA!a1:W98""), 22, FALSE)"),"#REF!") -> #REF! | C80: =COUNTIF(M80:NY80, "A") -> 0 | D80: =COUNTIF(M80:NY80, "AE") -> 1 | E80: =countif(M80:NY80, "T") -> 9 | F80: =countif(M80:NY80, "TE") -> 1 | G80: =C80 / NETWORKDAYS(DATE(2025,1,1), TODAY()) -> 0 | H80: =E80 / NETWORKDAYS(DATE(2025,1,1), TODAY()) -> 0.022727273 | I80: =sum(E80+(C80*4)) -> 9 | J80: 0 | K80: 0 | CU80: T | DG80: TE | DP80: T | DW80: T | EB80: T | EC80: T | EK80: T | ER80: T | FM80: T | FU80: T | GT80: AE
A81: Yasuko Sano | B81: =IFERROR(__xludf.DUMMYFUNCTION("VLOOKUP(A81, IMPORTRANGE(""https://docs.google.com/spreadsheets/d/1KpTMcNM9m1P7u9qCVzob8p1-RZoC1ejaYs5CdpAbWFY/edit?gid=260580969#gid=260580969"", ""2025 EMP PROFILE DATA!a1:W98""), 22, FALSE)"),"#REF!") -> #REF! | C81: =COUNTIF(M81:NY81, "A") -> 3 | D81: =COUNTIF(M81:NY81, "AE") -> 1 | E81: =countif(M81:NY81, "T") -> 0 | F81: =countif(M81:NY81, "TE") -> 0 | G81: =C81 / NETWORKDAYS(DATE(2025,1,1), TODAY()) -> 0.0075757576 | H81: =E81 / NETWORKDAYS(DATE(2025,1,1), TODAY()) -> 0 | I81: =sum(E81+(C81*4)) -> 12 | J81: 0 | K81: 0 | N81: A | AJ81: A | BY81: AE | CP81: A
A82: Zuleyka Chuc | B82: =IFERROR(__xludf.DUMMYFUNCTION("VLOOKUP(A82, IMPORTRANGE(""https://docs.google.com/spreadsheets/d/1KpTMcNM9m1P7u9qCVzob8p1-RZoC1ejaYs5CdpAbWFY/edit?gid=260580969#gid=260580969"", ""2025 EMP PROFILE DATA!a1:W98""), 22, FALSE)"),"#REF!") -> #REF! | C82: =COUNTIF(M82:NY82, "A") -> 2 | D82: =COUNTIF(M82:NY82, "AE") -> 5 | E82: =countif(M82:NY82, "T") -> 16 | F82: =countif(M82:NY82, "TE") -> 2 | G82: =C82 / NETWORKDAYS(DATE(2025,1,1), TODAY()) -> 0.0050505051 | H82: =E82 / NETWORKDAYS(DATE(2025,1,1), TODAY()) -> 0.04040404 | I82: =sum(E82+(C82*4)) -> 24 | J82: 0 | K82: 0 | N82: A | U82: T | V82: TE | AE82: T | AN82: T | AO82: A | BB82: T | BD82: AE | BP82: T | BR82: T | BT82: AE | BZ82: T | CE82: AE | CF82: AE | CK82: T | DD82: TE | DN82: T | DO82: T | EC82: T | EO82: T | ER82: T | EV82: AE | FY82: T | GE82: T | GL82: T
B83: =IFERROR(__xludf.DUMMYFUNCTION("VLOOKUP(A83, IMPORTRANGE(""https://docs.google.com/spreadsheets/d/1KpTMcNM9m1P7u9qCVzob8p1-RZoC1ejaYs5CdpAbWFY/edit?gid=260580969#gid=260580969"", ""2025 EMP PROFILE DATA!B1:W98""), 21, FALSE)"),"#REF!") -> #REF! | C83: =COUNTIF(M83:NY83, "A") -> 0 | D83: =COUNTIF(M83:NY83, "AE") -> 0 | E83: =countif(M83:NY83, "T") -> 0 | F83: =countif(M83:NY83, "TE") -> 0 | G83: =C83 / NETWORKDAYS(DATE(2025,1,1), TODAY()) -> 0 | H83: =E83 / NETWORKDAYS(DATE(2025,1,1), TODAY()) -> 0 | I83: =sum(E83+(C83*4)) -> 0 | J83: 0 | K83: 0
A84: Lesly Solorzarno | B84: =IFERROR(__xludf.DUMMYFUNCTION("VLOOKUP(A84, IMPORTRANGE(""https://docs.google.com/spreadsheets/d/1KpTMcNM9m1P7u9qCVzob8p1-RZoC1ejaYs5CdpAbWFY/edit?gid=260580969#gid=260580969"", ""2025 EMP PROFILE DATA!B1:W98""), 21, FALSE)"),"#REF!") -> #REF! | C84: =COUNTIF(M84:NY84, "A") -> 0 | D84: =COUNTIF(M84:NY84, "AE") -> 0 | E84: =countif(M84:NY84, "T") -> 1 | F84: =countif(M84:NY84, "TE") -> 0 | G84: =C84 / NETWORKDAYS(DATE(2025,1,1), TODAY()) -> 0 | H84: =E84 / NETWORKDAYS(DATE(2025,1,1), TODAY()) -> 0.0025252525 | I84: =sum(E84+(C84*4)) -> 1 | J84: 0 | K84: 0 | FM84: T
A85: Eric Flores | B85: =IFERROR(__xludf.DUMMYFUNCTION("VLOOKUP(A85, IMPORTRANGE(""https://docs.google.com/spreadsheets/d/1KpTMcNM9m1P7u9qCVzob8p1-RZoC1ejaYs5CdpAbWFY/edit?gid=260580969#gid=260580969"", ""2025 EMP PROFILE DATA!B1:W98""), 21, FALSE)"),"#REF!") -> #REF! | C85: =COUNTIF(M85:NY85, "A") -> 0 | D85: =COUNTIF(M85:NY85, "AE") -> 1 | E85: =countif(M85:NY85, "T") -> 0 | F85: =countif(M85:NY85, "TE") -> 0 | G85: =C85 / NETWORKDAYS(DATE(2025,1,1), TODAY()) -> 0 | H85: =E85 / NETWORKDAYS(DATE(2025,1,1), TODAY()) -> 0 | I85: =sum(E85+(C85*4)) -> 0 | J85: 0 | K85: 0 | GO85: AE
B86: =IFERROR(__xludf.DUMMYFUNCTION("VLOOKUP(A86, IMPORTRANGE(""https://docs.google.com/spreadsheets/d/1KpTMcNM9m1P7u9qCVzob8p1-RZoC1ejaYs5CdpAbWFY/edit?gid=260580969#gid=260580969"", ""2025 EMP PROFILE DATA!B1:W98""), 21, FALSE)"),"#REF!") -> #REF! | C86: =COUNTIF(M86:NY86, "A") -> 0 | D86: =COUNTIF(M86:NY86, "AE") -> 0 | E86: =countif(M86:NY86, "T") -> 0 | F86: =countif(M86:NY86, "TE") -> 0 | G86: =C86 / NETWORKDAYS(DATE(2025,1,1), TODAY()) -> 0 | H86: =E86 / NETWORKDAYS(DATE(2025,1,1), TODAY()) -> 0 | I86: =sum(E86+(C86*4)) -> 0 | J86: 0 | K86: 0
B87: =IFERROR(__xludf.DUMMYFUNCTION("VLOOKUP(A87, IMPORTRANGE(""https://docs.google.com/spreadsheets/d/1KpTMcNM9m1P7u9qCVzob8p1-RZoC1ejaYs5CdpAbWFY/edit?gid=260580969#gid=260580969"", ""2025 EMP PROFILE DATA!B1:W98""), 21, FALSE)"),"#REF!") -> #REF! | C87: =COUNTIF(M87:NY87, "A") -> 0 | D87: =COUNTIF(M87:NY87, "AE") -> 0 | E87: =countif(M87:NY87, "T") -> 0 | F87: =countif(M87:NY87, "TE") -> 0 | G87: =C87 / NETWORKDAYS(DATE(2025,1,1), TODAY()) -> 0 | H87: =E87 / NETWORKDAYS(DATE(2025,1,1), TODAY()) -> 0 | I87: =sum(E87+(C87*4)) -> 0 | J87: 0 | K87: 0
B88: =IFERROR(__xludf.DUMMYFUNCTION("VLOOKUP(A88, IMPORTRANGE(""https://docs.google.com/spreadsheets/d/1KpTMcNM9m1P7u9qCVzob8p1-RZoC1ejaYs5CdpAbWFY/edit?gid=260580969#gid=260580969"", ""2025 EMP PROFILE DATA!B1:W98""), 21, FALSE)"),"#REF!") -> #REF! | C88: =COUNTIF(M88:NY88, "A") -> 0 | D88: =COUNTIF(M88:NY88, "AE") -> 0 | E88: =countif(M88:NY88, "T") -> 0 | F88: =countif(M88:NY88, "TE") -> 0 | G88: =C88 / NETWORKDAYS(DATE(2025,1,1), TODAY()) -> 0 | H88: =E88 / NETWORKDAYS(DATE(2025,1,1), TODAY()) -> 0 | I88: =sum(E88+(C88*4)) -> 0 | J88: 0 | K88: 0
B89: =IFERROR(__xludf.DUMMYFUNCTION("VLOOKUP(A89, IMPORTRANGE(""https://docs.google.com/spreadsheets/d/1KpTMcNM9m1P7u9qCVzob8p1-RZoC1ejaYs5CdpAbWFY/edit?gid=260580969#gid=260580969"", ""2025 EMP PROFILE DATA!B1:W98""), 21, FALSE)"),"#REF!") -> #REF! | C89: =COUNTIF(M89:NY89, "A") -> 0 | D89: =COUNTIF(M89:NY89, "AE") -> 0 | E89: =countif(M89:NY89, "T") -> 0 | F89: =countif(M89:NY89, "TE") -> 0 | G89: =C89 / NETWORKDAYS(DATE(2025,1,1), TODAY()) -> 0 | H89: =E89 / NETWORKDAYS(DATE(2025,1,1), TODAY()) -> 0 | I89: =sum(E89+(C89*4)) -> 0 | J89: 0 | K89: 0
B90: =IFERROR(__xludf.DUMMYFUNCTION("VLOOKUP(A90, IMPORTRANGE(""https://docs.google.com/spreadsheets/d/1KpTMcNM9m1P7u9qCVzob8p1-RZoC1ejaYs5CdpAbWFY/edit?gid=260580969#gid=260580969"", ""2025 EMP PROFILE DATA!B1:W98""), 21, FALSE)"),"#REF!") -> #REF! | C90: =COUNTIF(M90:NY90, "A") -> 0 | D90: =COUNTIF(M90:NY90, "AE") -> 0 | E90: =countif(M90:NY90, "T") -> 0 | F90: =countif(M90:NY90, "TE") -> 0 | G90: =C90 / NETWORKDAYS(DATE(2025,1,1), TODAY()) -> 0 | H90: =E90 / NETWORKDAYS(DATE(2025,1,1), TODAY()) -> 0 | I90: =sum(E90+(C90*4)) -> 0 | J90: 0 | K90: 0
B91: =IFERROR(__xludf.DUMMYFUNCTION("VLOOKUP(A91, IMPORTRANGE(""https://docs.google.com/spreadsheets/d/1KpTMcNM9m1P7u9qCVzob8p1-RZoC1ejaYs5CdpAbWFY/edit?gid=260580969#gid=260580969"", ""2025 EMP PROFILE DATA!B1:W98""), 21, FALSE)"),"#REF!") -> #REF! | C91: =COUNTIF(M91:NY91, "A") -> 0 | D91: =COUNTIF(M91:NY91, "AE") -> 0 | E91: =countif(M91:NY91, "T") -> 0 | F91: =countif(M91:NY91, "TE") -> 0 | G91: =C91 / NETWORKDAYS(DATE(2025,1,1), TODAY()) -> 0 | H91: =E91 / NETWORKDAYS(DATE(2025,1,1), TODAY()) -> 0 | I91: =sum(E91+(C91*4)) -> 0 | J91: 0 | K91: 0
B92: =IFERROR(__xludf.DUMMYFUNCTION("VLOOKUP(A92, IMPORTRANGE(""https://docs.google.com/spreadsheets/d/1KpTMcNM9m1P7u9qCVzob8p1-RZoC1ejaYs5CdpAbWFY/edit?gid=260580969#gid=260580969"", ""2025 EMP PROFILE DATA!B1:W98""), 21, FALSE)"),"#REF!") -> #REF! | C92: =COUNTIF(M92:NY92, "A") -> 0 | D92: =COUNTIF(M92:NY92, "AE") -> 0 | E92: =countif(M92:NY92, "T") -> 0 | F92: =countif(M92:NY92, "TE") -> 0 | G92: =C92 / NETWORKDAYS(DATE(2025,1,1), TODAY()) -> 0 | H92: =E92 / NETWORKDAYS(DATE(2025,1,1), TODAY()) -> 0 | I92: =sum(E92+(C92*4)) -> 0 | J92: 0 | K92: 0
B93: =IFERROR(__xludf.DUMMYFUNCTION("VLOOKUP(A93, IMPORTRANGE(""https://docs.google.com/spreadsheets/d/1KpTMcNM9m1P7u9qCVzob8p1-RZoC1ejaYs5CdpAbWFY/edit?gid=260580969#gid=260580969"", ""2025 EMP PROFILE DATA!B1:W98""), 21, FALSE)"),"#REF!") -> #REF! | C93: =COUNTIF(M93:NY93, "A") -> 0 | D93: =COUNTIF(M93:NY93, "AE") -> 0 | E93: =countif(M93:NY93, "T") -> 0 | F93: =countif(M93:NY93, "TE") -> 0 | G93: =C93 / NETWORKDAYS(DATE(2025,1,1), TODAY()) -> 0 | H93: =E93 / NETWORKDAYS(DATE(2025,1,1), TODAY()) -> 0 | I93: =sum(E93+(C93*4)) -> 0 | J93: 0 | K93: 0

Sheet VACATION CALENDAR 26
A1: r-[ | B1: JANUARY | J1: FEBRUARY | R1: MARCH | Z1: APRIL | AH1: MAY | AP1: JUNE | AX1: JULY | BF1: AUGUST | BN1: SEPTEMBER | BV1: OCTOBER | CD1: NOVEMBER | CL1: DECEMBER
B3: SUNDAY | C3: MONDAY | D3: TUESDAY | E3: WEDNESDAY | F3: THURSDAY | G3: FRIDAY | H3: SATURDAY | J3: SUNDAY | K3: MONDAY | L3: TUESDAY | M3: WEDNESDAY | N3: THURSDAY | O3: FRIDAY | P3: SATURDAY | R3: SUNDAY | S3: MONDAY | T3: TUESDAY | U3: WEDNESDAY | V3: THURSDAY | W3: FRIDAY | X3: SATURDAY | Z3: SUNDAY | AA3: MONDAY | AB3: TUESDAY | AC3: WEDNESDAY | AD3: THURSDAY | AE3: FRIDAY | AF3: SATURDAY | AH3: SUNDAY | AI3: MONDAY | AJ3: TUESDAY | AK3: WEDNESDAY | AL3: THURSDAY | AM3: FRIDAY | AN3: SATURDAY | AP3: SUNDAY | AQ3: MONDAY | AR3: TUESDAY | AS3: WEDNESDAY | AT3: THURSDAY | AU3: FRIDAY | AV3: SATURDAY | AX3: SUNDAY | AY3: MONDAY | AZ3: TUESDAY | BA3: WEDNESDAY | BB3: THURSDAY | BC3: FRIDAY | BD3: SATURDAY | BF3: SUNDAY | BG3: MONDAY | BH3: TUESDAY | BI3: WEDNESDAY | BJ3: THURSDAY | BK3: FRIDAY | BL3: SATURDAY | BN3: SUNDAY | BO3: MONDAY | BP3: TUESDAY | BQ3: WEDNESDAY | BR3: THURSDAY | BS3: FRIDAY | BT3: SATURDAY | BV3: SUNDAY | BW3: MONDAY | BX3: TUESDAY | BY3: WEDNESDAY | BZ3: THURSDAY | CA3: FRIDAY | CB3: SATURDAY | CD3: SUNDAY | CE3: MONDAY | CF3: TUESDAY | CG3: WEDNESDAY | CH3: THURSDAY | CI3: FRIDAY | CJ3: SATURDAY | CL3: SUNDAY | CM3: MONDAY | CN3: TUESDAY | CO3: WEDNESDAY | CP3: THURSDAY | CQ3: FRIDAY | CR3: SATURDAY
B4: 28 | C4: 29 | D4: 30 | E4: 31 | F4: 1 | G4: 2 | H4: 3 | J4: 1 | K4: 2 | L4: 3 | M4: 4 | N4: 5 | O4: 6 | P4: 7 | R4: 1 | S4: 2 | T4: 3 | U4: 4 | V4: 5 | W4: 6 | X4: 7 | Y4: 5 | Z4: 5 | AA4: 6 | AB4: 7 | AC4: 8 | AD4: 9 | AE4: 10 | AF4: 11 | AH4: 3 | AI4: 4 | AJ4: 5 | AK4: 6 | AL4: 7 | AM4: 8 | AN4: 9 | AP4: 31 | AQ4: 1 | AR4: 2 | AS4: 3 | AT4: 4 | AU4: 5 | AV4: 6 | AX4: 5 | AY4: 6 | AZ4: 7 | BA4: 8 | BB4: 9 | BC4: 10 | BD4: 11 | BF4: 2 | BG4: 3 | BH4: 4 | BI4: 5 | BJ4: 6 | BK4: 7 | BL4: 8 | BN4: 30 | BO4: 31 | BP4: 1 | BQ4: 2 | BR4: 3 | BS4: 4 | BT4: 5 | BV4: 4 | BW4: 5 | BX4: 6 | BY4: 7 | BZ4: 8 | CA4: 9 | CB4: 10 | CD4: 1 | CE4: 2 | CF4: 3 | CG4: 4 | CH4: 5 | CI4: 6 | CJ4: 7 | CL4: 29 | CM4: 30 | CN4: 1 | CO4: 2 | CP4: 3 | CQ4: 4 | CR4: 5
B5: Megan | C5: Megan | D5: Megan | E5: Megan | F5: Megan | G5: Megan | H5: Megan | J5: Dr Lau | K5: Dr Lau | L5: Dr Lau | M5: Dr Lau | N5: Dr Lau | O5: Dr Lau | P5: Dr Lau | X5: Dr V | AF5: Dr V | AH5: Doc | AI5: Doc | AJ5: Doc | AK5: Doc | AL5: Doc | AM5: Doc | AN5: Doc | AQ5: Doc | AR5: Doc | AS5: Doc | AU5: Doc | BA5: Jenn V | BD5: Brandon | BF5: Dr Rally | BG5: Dr Rally | BH5: Dr Rally | BI5: Dr Rally | BJ5: Dr Rally | BK5: Dr Rally | BL5: Dr Rally | BP5: Dr Niko | BQ5: Dr Niko | BV5: Eric | CA5: Isabelle | CB5: Isabelle | CF5: Doc
B6: Dr Hab | C6: Dr Hab | D6: Dr Hab | E6: Dr Hab | F6: Dr Hab | G6: Dr Hab | H6: Dr Hab | K6: Dr Rally | L6: Dr Rally | M6: Dr Rally | N6: Dr Rally | O6: Dr Rally | P6: Dr Rally | R6: Dr Geist | S6: Dr Geist | Z6: Alysia | AA6: Alysia | AH6: Dr Hoh | AI6: Dr Hoh | AJ6: Dr Hoh | AK6: Dr Hoh | AL6: Dr Hoh | AP6: Angela | AQ6: Angela | AR6: Angela | AS6: Angela | AT6: Angela | AU6: Angela | AV6: Angela | AX6: Dr Scott | AY6: Dr Scott | BL6: Dr Lau | BS6: Dr Scott | BT6: Dr Scott | CB6: Eric
G7: Vero | H7: Vero | P7: Dr Scott | R7: Joseph | S7: Joseph | T7: Joseph | Z7: Dr Rally | AA7: Dr Rally | AH7: Alysia | AI7: Alysia | AL7: Alysia | AM7: Alysia | AN7: Alysia | AV7: Laura | AX7: Dr V | AY7: Dr V | AZ7: Dr V | BA7: Dr V | BB7: Dr V | BC7: Dr V | BD7: Dr V | BF7: Doc | BG7: Doc | BH7: Doc | BI7: Doc | BJ7: Doc | BK7: Doc | BL7: Doc | BN7: Lesly | BO7: Lesly | BP7: Lesly | BQ7: Lesly | BR7: Lesly | BS7: Lesly | BT7: Lesly
C8: Jenn | P8: Alysia | X8: Alysia | AB8: Dre | AC8: Dre | AD8: Dre | AE8: Dre | AF8: Dre | AH8: Vero | AI8: Vero | AP8: Brittany F | AQ8: Brittany F | AV8: Alysia | AX8: Dr Rally | AY8: Dr Rally | AZ8: Dr Rally | BA8: Dr Rally | BB8: Dr Rally | BC8: Dr Rally | BD8: Dr Rally | BL8: Markie | BO8: Diana
B9: Dr Lau | C9: Dr Lau | D9: Dr Lau | N9: Aislinn | W9: Dr Scott | X9: Dr Scott | AE9: Natalie | AF9: Natalie | AH9: Karen | AI9: Karen | AL9: Aislinn | AP9: Diana | AQ9: Diana | AR9: Diana | AS9: Diana | AT9: Diana | AX9: Dr Geist | AY9: Dr Geist | BL9: Ali | BP9: Dr Robertson | BQ9: Dr Robertson | BR9: Dr Robertson | BS9: Dr Robertson | BT9: Dr Robertson
B10: Sierra M | C10: Sierra M | P10: Laura | X10: Diana | AF10: Laura | AN10: Laura | AP10: Zuleyka | AQ10: Zuleyka | AR10: Zuleyka | AS10: Zuleyka | AT10: Zuleyka | AU10: Zuleyka | AV10: Zuleyka | AY10: Lizbeth | BC10: Brittany F | BD10: Brittany F | BF10: Ken | BG10: Ken | BK10: Ken | BL10: Ken | BT10: Ken
B11: Doc | C11: Doc | D11: Doc | E11: Doc | F11: Doc | G11: Doc | H11: Doc | L11: Dr Hoh | M11: Dr Hoh | N11: Dr Hoh | O11: Dr Hoh | P11: Dr Hoh | X11: Laura | AD11: Bianca | AE11: Bianca | AF11: Bianca | AN11: Lizbeth | AQ11: Tay Fox | AR11: Tay Fox | BD11: Dr Alzate | BL11: Lizbeth | BN11: Lesly | BO11: Lesly | BP11: Lesly | BQ11: Lesly | BR11: Lesly | BS11: Lesly | BT11: Lesly
G12: Crystal | M12: Batia | N12: Batia | O12: Batia | P12: Batia | W12: Crystal | AF12: Naomi Folta | AM12: Jess S | AU12: Christina | AV12: Christina | BB12: Aislinn | BC12: Aislinn | BD12: Aislinn | BK12: Fidel | BL12: Fidel | BR12: Dr Scott
G13: Dr V | H13: Dr V | K13: Doc | L13: Doc | M13: Doc | N13: Doc | O13: Doc | P13: Doc | AQ13: Aislinn | AR13: Aislinn | AS13: Aislinn | AT13: Aislinn | AU13: Aislinn | AV13: Aislinn | AZ13: Doc | BB13: Ali | BC13: Ali | BD13: Ali | BF13: Miguel | BG13: Miguel | BH13: Miguel | BR13: Isabelle | BS13: Isabelle | BT13: Isabelle
AT14: Jess Salazar | BB14: Doc | BC14: Lesly | BD14: Lesly | BG14: Brandon
AQ15: Lizbeth | AU15: Kirtlynn | AV15: Kirtlynn | AX15: Alysia | BD15: Markie | BK15: Dr Hab | BL15: Dr Hab | BO15: Brandon | BT15: Dr Lau
AS16: Jenn | BA16: Ken | BD16: Ken | BG16: Isabelle | BH16: Isabelle | BI16: Isabelle | BJ16: Isabelle | BK16: Isabelle | BL16: Isabelle
AV17: Dr Alzate | BC17: Kirtlynn | BD17: Kirtlynn | BL17: Laura
AY18: Yalila | BB18: Jisun | BC18: Jisun | BD18: Jisun
B19: SUNDAY | C19: MONDAY | D19: TUESDAY | E19: WEDNESDAY | F19: THURSDAY | G19: FRIDAY | H19: SATURDAY | J19: SUNDAY | K19: MONDAY | L19: TUESDAY | M19: WEDNESDAY | N19: THURSDAY | O19: FRIDAY | P19: SATURDAY | R19: SUNDAY | S19: MONDAY | T19: TUESDAY | U19: WEDNESDAY | V19: THURSDAY | W19: FRIDAY | X19: SATURDAY | Z19: SUNDAY | AA19: MONDAY | AB19: TUESDAY | AC19: WEDNESDAY | AD19: THURSDAY | AE19: FRIDAY | AF19: SATURDAY | AH19: SUNDAY | AI19: MONDAY | AJ19: TUESDAY | AK19: WEDNESDAY | AL19: THURSDAY | AM19: FRIDAY | AN19: SATURDAY | AP19: SUNDAY | AQ19: MONDAY | AR19: TUESDAY | AS19: WEDNESDAY | AT19: THURSDAY | AU19: FRIDAY | AV19: SATURDAY | AX19: SUNDAY | AY19: MONDAY | AZ19: TUESDAY | BA19: WEDNESDAY | BB19: THURSDAY | BC19: FRIDAY | BD19: SATURDAY | BF19: SUNDAY | BG19: MONDAY | BH19: TUESDAY | BI19: WEDNESDAY | BJ19: THURSDAY | BK19: FRIDAY | BL19: SATURDAY | BN19: SUNDAY | BO19: MONDAY | BP19: TUESDAY | BQ19: WEDNESDAY | BR19: THURSDAY | BS19: FRIDAY | BT19: SATURDAY | BV19: SUNDAY | BW19: MONDAY | BX19: TUESDAY | BY19: WEDNESDAY | BZ19: THURSDAY | CA19: FRIDAY | CB19: SATURDAY | CD19: SUNDAY | CE19: MONDAY | CF19: TUESDAY | CG19: WEDNESDAY | CH19: THURSDAY | CI19: FRIDAY | CJ19: SATURDAY | CL19: SUNDAY | CM19: MONDAY | CN19: TUESDAY | CO19: WEDNESDAY | CP19: THURSDAY | CQ19: FRIDAY | CR19: SATURDAY
B20: =H4+1 -> 4 | C20: =B20+1 -> 5 | D20: =C20+1 -> 6 | E20: =D20+1 -> 7 | F20: =E20+1 -> 8 | G20: =F20+1 -> 9 | H20: =G20+1 -> 10 | J20: =P4+1 -> 8 | K20: =J20+1 -> 9 | L20: =K20+1 -> 10 | M20: =L20+1 -> 11 | N20: =M20+1 -> 12 | O20: =N20+1 -> 13 | P20: =O20+1 -> 14 | R20: =X4+1 -> 8 | S20: =R20+1 -> 9 | T20: =S20+1 -> 10 | U20: =T20+1 -> 11 | V20: =U20+1 -> 12 | W20: =V20+1 -> 13 | X20: =W20+1 -> 14 | Z20: =AF4+1 -> 12 | AA20: =Z20+1 -> 13 | AB20: =AA20+1 -> 14 | AC20: =AB20+1 -> 15 | AD20: =AC20+1 -> 16 | AE20: =AD20+1 -> 17 | AF20: =AE20+1 -> 18 | AH20: =AN4+1 -> 10 | AI20: =AH20+1 -> 11 | AJ20: =AI20+1 -> 12 | AK20: =AJ20+1 -> 13 | AL20: =AK20+1 -> 14 | AM20: =AL20+1 -> 15 | AN20: =AM20+1 -> 16 | AP20: =AV4+1 -> 7 | AQ20: =AP20+1 -> 8 | AR20: =AQ20+1 -> 9 | AS20: =AR20+1 -> 10 | AT20: =AS20+1 -> 11 | AU20: =AT20+1 -> 12 | AV20: =AU20+1 -> 13 | AX20: =BD4+1 -> 12 | AY20: =AX20+1 -> 13 | AZ20: =AY20+1 -> 14 | BA20: =AZ20+1 -> 15 | BB20: =BA20+1 -> 16 | BC20: =BB20+1 -> 17 | BD20: =BC20+1 -> 18 | BF20: =BL4+1 -> 9 | BG20: =BF20+1 -> 10 | BH20: =BG20+1 -> 11 | BI20: =BH20+1 -> 12 | BJ20: =BI20+1 -> 13 | BK20: =BJ20+1 -> 14 | BL20: =BK20+1 -> 15 | BN20: =BT4+1 -> 6 | BO20: =BN20+1 -> 7 | BP20: =BO20+1 -> 8 | BQ20: =BP20+1 -> 9 | BR20: =BQ20+1 -> 10 | BS20: =BR20+1 -> 11 | BT20: =BS20+1 -> 12 | BV20: =CB4+1 -> 11 | BW20: =BV20+1 -> 12 | BX20: =BW20+1 -> 13 | BY20: =BX20+1 -> 14 | BZ20: =BY20+1 -> 15 | CA20: =BZ20+1 -> 16 | CB20: =CA20+1 -> 17 | CD20: =CJ4+1 -> 8 | CE20: =CD20+1 -> 9 | CF20: =CE20+1 -> 10 | CG20: =CF20+1 -> 11 | CH20: =CG20+1 -> 12 | CI20: =CH20+1 -> 13 | CJ20: =CI20+1 -> 14 | CL20: =CR4+1 -> 6 | CM20: =CL20+1 -> 7 | CN20: =CM20+1 -> 8 | CO20: =CN20+1 -> 9 | CP20: =CO20+1 -> 10 | CQ20: =CP20+1 -> 11 | CR20: =CQ20+1 -> 12
C21: Doc | E21: Doc | G21: Doc | N21: Crystal | O21: Crystal | P21: Crystal | AA21: Dr Rally | AB21: Dr Rally | AC21: Doc | AH21: Sonora | AI21: Sonora | AJ21: Sonora | AK21: Sonora | AL21: Sonora | AM21: Sonora | AN21: Sonora | AV21: Laura | BC21: Alysia | BD21: Alysia | BH21: Ken | BK21: Ken | BN21: Dr Scott | BO21: Dr Scott | BV21: Eric | BW21: Eric | CI21: Alysia | CP21: Kirtlynn | CQ21: Kirtlynn | CR21: Kirtlynn
B22: Megan | C22: Megan | D22: Megan | E22: Megan | F22: Megan | G22: Megan | H22: Megan | K22: Lizbeth | P22: Lizbeth | X22: Dr Hab | AF22: Alysia | AI22: Adriana | AJ22: Adriana | AK22: Adriana | AL22: Adriana | AM22: Adriana | AQ22: Aislinn | AY22: Nichole | AZ22: Nichole | BA22: Nichole | BB22: Nichole | BC22: Nichole | BD22: Nichole | BF22: Doc | BG22: Doc | BH22: Doc | BI22: Doc | BJ22: Doc | BK22: Doc | BL22: Doc | BN22: Lesly | BO22: Lesly | BP22: Lesly | BQ22: Lesly | BR22: Lesly | BS22: Lesly | BT22: Lesly | CP22: Zuleyka | CQ22: Zuleyka | CR22: Zuleyka
B23: Dr Hab | C23: Dr Hab | D23: Dr Hab | E23: Dr Hab | F23: Dr Hab | G23: Dr Hab | K23: Jessica S | N23: Jessica S | P23: Jessica S | R23: Dr Scott | S23: Dr Scott | Z23: Dre | AA23: Dre | AB23: Dre | AC23: Dre | AD23: Dre | AE23: Dre | AH23: Doc | AI23: Doc | AJ23: Doc | AK23: Doc | AL23: Doc | AM23: Doc | AV23: Brittany F | AX23: Dr Rally | AY23: Dr Rally | BC23: Dr Rally | BH23: Dr Robertson | BP23: Ken
B24: Dr V | C24: Dr V | D24: Dr V | E24: Dr V | H24: Ervin | J24: Dr Lau | K24: Dr Lau | L24: Dr Lau | M24: Dr Lau | N24: Dr Lau | O24: Dr Lau | P24: Dr Lau | X24: Laura | AE24: Dr Faro | AF24: Dr Faro | AL24: Dr Lau | AM24: Dr Lau | AN24: Dr Lau | BB24: Dr Geist | BC24: Dr Geist | BD24: Dr Geist | BF24: Ken | BL24: Ali
G25: Tanya | K25: Doc | L25: Doc | M25: Doc | N25: Doc | O25: Doc | P25: Doc | W25: Dr Robertson | X25: Dr Robertson | AD25: Nauman Ali | AE25: Nauman Ali | AF25: Nauman Ali | AK25: Dr Robertson | AL25: Dr Robertson | AM25: Dr Robertson | AN25: Dr Robertson | AQ25: Carmen | AR25: Carmen | AS25: Carmen | AU25: Carmen | AV25: Carmen | AX25: Brittany F | AY25: Brittany F | AZ25: Bianca | BA25: Bianca | BB25: Bianca | BC25: Bianca | BD25: Bianca | BI25: Megan | BN25: Isabelle | BO25: Isabelle | BP25: Isabelle | BQ25: Isabelle | BR25: Isabelle | BS25: Isabelle
H26: Markie | O26: Vero | P26: Vero | X26: Dr V | AD26: Nichole | AE26: Nichole | AF26: Nichole | AL26: Alysia | AM26: Alysia | AN26: Alysia | AQ26: Christina | AR26: Christina | AS26: Christina | AT26: Christina | AU26: Christina | AX26: Aislinn | AY26: Aislinn | BG26: Fidel | BH26: Fidel | BK26: Alysia | BL26: Alysia | BO26: Zuleyka | BP26: Zuleyka | BQ26: Zuleyka | BR26: Zuleyka | BS26: Zuleyka | BT26: Zuleyka
G27: Kenny | H27: Kenny | J27: Dr Scott | K27: Dr Scott | W27: Ervin | X27: Ervin | Z27: Natalie | AA27: Natalie | AI27: Maria S | AK27: Jenn | AL27: Jenn | AM27: Jenn | AV27: Lizbeth | AX27: Lesly | AY27: Lesly | AZ27: Lesly | BA27: Lesly | BB27: Lesly | BC27: Lesly | BD27: Lesly | BF27: Isabelle | BG27: Isabelle | BH27: Isabelle | BL27: Lizbeth | BT27: Markie
G28: Caitlin | H28: Caitlin | P28: Jenn V | W28: Caitlin | X28: Caitlin | Z28: Bianca | AA28: Bianca | AF28: Laura | AL28: Aislinn | AN28: Laura | AR28: Brandon | AX28: Kirtlynn | AY28: Kirtlynn | BD28: Veronica | BJ28: Jenn V | BT28: Diana
E29: Jessica S | G29: Kirtlyn | H29: Kirtlyn | P29: Alysia | X29: Tanya | AF29: Raquel | AM29: Dr Hab | AN29: Dr Hab | AQ29: Dr Rally | AR29: Dr Rally | AS29: Dr Rally | AT29: Dr Rally | AU29: Dr Rally | AV29: Dr Rally | AX29: Ali | AY29: Ali | BC29: Lizbeth | BG29: Brandon | BK29: Brandon | BL29: Brandon
F30: Carmen | G30: Carmen | H30: Carmen | P30: Dr Hab | V30: Alexei | W30: Alexei | X30: Alexei | AF30: Zuleyka | AM30: Catherine | AN30: Catherine | AQ30: Veronica | AZ30: Dr Robertson | BF30: Dr Hab | BG30: Dr Hab | BH30: Dr Hab | BI30: Dr Hab | BJ30: Dr Hab | BK30: Dr Hab | BL30: Dr Hab
F31: Sonora | G31: Sonora | H31: Sonora | P31: Laura | X31: Dr Alzate | AE31: Zowie | AF31: Zowie | AM31: Dr Geist | AN31: Dr Geist | AP31: Kirtlynn | AQ31: Kirtlynn | AR31: Kirtlynn | AV31: Rachael | BC31: Saul | BD31: Saul | BG31: Victoria | BJ31: Victoria
D32: Dr Hoh | E32: Dr Hoh | F32: Dr Hoh | G32: Dr Hoh | H32: Dr Hoh | N32: Bianca | O32: Bianca | P32: Bianca | X32: Dr Scott | Z32: Naomi Folta | AA32: Naomi Folta | AB32: Naomi Folta | AC32: Naomi Folta | AD32: Naomi Folta | AE32: Naomi Folta | AK32: Ken | AM32: Brandon | AN32: Brandon | AU32: Dr Faro | AV32: Dr Faro | BH32: Tanya | BJ32: Tanya | BL32: Laura
F33: Dr Rally | G33: Dr Rally | J33: Dr Hoh | K33: Dr Hoh | L33: Dr Hoh | M33: Dr Hoh | N33: Dr Hoh | O33: Dr Hoh | P33: Dr Hoh | V33: Crystal | W33: Crystal | AI33: Lizbeth | AN33: Veronica | BB33: Olivia | BC33: Olivia | BD33: Olivia | BG33: Bianca | BH33: Bianca | BI33: Bianca | BJ33: Bianca | BK33: Bianca | BL33: Bianca
J34: Batia | K34: Batia | L34: Batia | M34: Batia | N34: Batia | O34: Batia | P34: Batia | AN34: Dr Scott | BC34: Tanya | BD34: Tanya | BI34: Alex M | BJ34: Alex M | BK34: Alex M | BL34: Alex M
B35: SUNDAY | C35: MONDAY | D35: TUESDAY | E35: WEDNESDAY | F35: THURSDAY | G35: FRIDAY | H35: SATURDAY | J35: SUNDAY | K35: MONDAY | L35: TUESDAY | M35: WEDNESDAY | N35: THURSDAY | O35: FRIDAY | P35: SATURDAY | R35: SUNDAY | S35: MONDAY | T35: TUESDAY | U35: WEDNESDAY | V35: THURSDAY | W35: FRIDAY | X35: SATURDAY | Z35: SUNDAY | AA35: MONDAY | AB35: TUESDAY | AC35: WEDNESDAY | AD35: THURSDAY | AE35: FRIDAY | AF35: SATURDAY | AH35: SUNDAY | AI35: MONDAY | AJ35: TUESDAY | AK35: WEDNESDAY | AL35: THURSDAY | AM35: FRIDAY | AN35: SATURDAY | AP35: SUNDAY | AQ35: MONDAY | AR35: TUESDAY | AS35: WEDNESDAY | AT35: THURSDAY | AU35: FRIDAY | AV35: SATURDAY | AX35: SUNDAY | AY35: MONDAY | AZ35: TUESDAY | BA35: WEDNESDAY | BB35: THURSDAY | BC35: FRIDAY | BD35: SATURDAY | BF35: SUNDAY | BG35: MONDAY | BH35: TUESDAY | BI35: WEDNESDAY | BJ35: THURSDAY | BK35: FRIDAY | BL35: SATURDAY | BN35: SUNDAY | BO35: MONDAY | BP35: TUESDAY | BQ35: WEDNESDAY | BR35: THURSDAY | BS35: FRIDAY | BT35: SATURDAY | BV35: SUNDAY | BW35: MONDAY | BX35: TUESDAY | BY35: WEDNESDAY | BZ35: THURSDAY | CA35: FRIDAY | CB35: SATURDAY | CD35: SUNDAY | CE35: MONDAY | CF35: TUESDAY | CG35: WEDNESDAY | CH35: THURSDAY | CI35: FRIDAY | CJ35: SATURDAY | CL35: SUNDAY | CM35: MONDAY | CN35: TUESDAY | CO35: WEDNESDAY | CP35: THURSDAY | CQ35: FRIDAY | CR35: SATURDAY
B36: =H20+1 -> 11 | C36: =B36+1 -> 12 | D36: =C36+1 -> 13 | E36: =D36+1 -> 14 | F36: =E36+1 -> 15 | G36: =F36+1 -> 16 | H36: =G36+1 -> 17 | J36: =P20+1 -> 15 | K36: =J36+1 -> 16 | L36: =K36+1 -> 17 | M36: =L36+1 -> 18 | N36: =M36+1 -> 19 | O36: =N36+1 -> 20 | P36: =O36+1 -> 21 | R36: =X20+1 -> 15 | S36: =R36+1 -> 16 | T36: =S36+1 -> 17 | U36: =T36+1 -> 18 | V36: =U36+1 -> 19 | W36: =V36+1 -> 20 | X36: =W36+1 -> 21 | Z36: =AF20+1 -> 19 | AA36: =Z36+1 -> 20 | AB36: =AA36+1 -> 21 | AC36: =AB36+1 -> 22 | AD36: =AC36+1 -> 23 | AE36: =AD36+1 -> 24 | AF36: =AE36+1 -> 25 | AH36: =AN20+1 -> 17 | AI36: =AH36+1 -> 18 | AJ36: =AI36+1 -> 19 | AK36: =AJ36+1 -> 20 | AL36: =AK36+1 -> 21 | AM36: =AL36+1 -> 22 | AN36: =AM36+1 -> 23 | AP36: =AV20+1 -> 14 | AQ36: =AP36+1 -> 15 | AR36: =AQ36+1 -> 16 | AS36: =AR36+1 -> 17 | AT36: =AS36+1 -> 18 | AU36: =AT36+1 -> 19 | AV36: =AU36+1 -> 20 | AX36: =BD20+1 -> 19 | AY36: =AX36+1 -> 20 | AZ36: =AY36+1 -> 21 | BA36: =AZ36+1 -> 22 | BB36: =BA36+1 -> 23 | BC36: =BB36+1 -> 24 | BD36: =BC36+1 -> 25 | BF36: =BL20+1 -> 16 | BG36: =BF36+1 -> 17 | BH36: =BG36+1 -> 18 | BI36: =BH36+1 -> 19 | BJ36: =BI36+1 -> 20 | BK36: =BJ36+1 -> 21 | BL36: =BK36+1 -> 22 | BN36: =BT20+1 -> 13 | BO36: =BN36+1 -> 14 | BP36: =BO36+1 -> 15 | BQ36: =BP36+1 -> 16 | BR36: =BQ36+1 -> 17 | BS36: =BR36+1 -> 18 | BT36: =BS36+1 -> 19 | BV36: =CB20+1 -> 18 | BW36: =BV36+1 -> 19 | BX36: =BW36+1 -> 20 | BY36: =BX36+1 -> 21 | BZ36: =BY36+1 -> 22 | CA36: =BZ36+1 -> 23 | CB36: =CA36+1 -> 24 | CD36: =CJ20+1 -> 15 | CE36: =CD36+1 -> 16 | CF36: =CE36+1 -> 17 | CG36: =CF36+1 -> 18 | CH36: =CG36+1 -> 19 | CI36: =CH36+1 -> 20 | CJ36: =CI36+1 -> 21 | CL36: =CR20+1 -> 13 | CM36: =CL36+1 -> 14 | CN36: =CM36+1 -> 15 | CO36: =CN36+1 -> 16 | CP36: =CO36+1 -> 17 | CQ36: =CP36+1 -> 18 | CR36: =CQ36+1 -> 19
D37: Doc | J37: Crystal | K37: Crystal | N37: Angela | O37: Angela | P37: Angela | W37: Doc | X37: Doc | AC37: Doc | AD37: Dr Rally | AE37: Dr Rally | AH37: Sonora | AI37: Sonora | AJ37: Sonora | AL37: Shelby | AM37: Shelby | AN37: Shelby | AU37: Ken | AX37: Alysia | AY37: Alysia | AZ37: Alysia | BD37: Lizbeth | BJ37: Dr Niko | BK37: Dr Niko | BL37: Dr Niko | BN37: Lesly | BR37: Dr V | BS37: Dr V | BT37: Dr V | CA37: Dr Lau | CB37: Dr Lau | CF37: Diana | CI37: Diana | CJ37: Diana | CL37: Kirtlynn | CM37: Kirtlynn
H38: Diana | K38: Lizbeth | S38: Alysia | X38: Alysia | AN38: Ashley P | AU38: Alysia | AV38: Alysia | AY38: Dr Scott | AZ38: Dr Scott | BA38: Dr Scott | BB38: Dr Scott | BC38: Dr Scott | BD38: Dr Scott | BJ38: Dr G | BK38: Dr Geist | BL38: Dr Geist | BS38: Dr Scott | BT38: Dr Scott | CH38: Dr Robertson | CI38: Dr Robertson | CJ38: Dr Robertson | CL38: Zuleyka | CM38: Zuleyka
C39: Adriana | D39: Adriana | E39: Adriana | F39: Adriana | G39: Adriana | H39: Adriana | M39: Zuleyka | N39: Zuleyka | O39: Zuleyka | P39: Zuleyka | R39: Dr Robertson | T39: Dr Robertson | AC39: Dr Hoh | AD39: Dr Hoh | AE39: Dr Hoh | AF39: Dr Hoh | AI39: Doc | AJ39: Doc | AK39: Doc | AL39: Doc | AM39: Doc | AU39: Alex M | AV39: Alex M | BB39: Nichole | BC39: Nichole | BD39: Nichole | BF39: Doc | BG39: Doc | BH39: Doc | BL39: Markie | BS39: Adriana | CE39: Dr Hab
H40: Ervin | K40: Laura | R40: Dr V | X40: Markie | Z40: Zuleyka | AA40: Zuleyka | AB40: Zuleyka | AC40: Zuleyka | AF40: Alysia | AH40: Dr Lau | AI40: Dr Lau | AJ40: Dr Lau | AK40: Dr Lau | AL40: Dr Lau | AP40: Brittany F | AQ40: Brittany F | AR40: Brittany F | AS40: Brittany F | AT40: Brittany F | AU40: Brittany F | AV40: Brittany F | AY40: Dr Rally | AZ40: Dr Rally | BA40: Dr Rally | BB40: Dr Rally | BC40: Dr Rally | BD40: Dr Rally | BF40: Dr Hab | BG40: Dr Hab | BH40: Dr Hab | BI40: Dr Hab | BJ40: Dr Hab | BS40: Jessica Lucra | CE40: Diana
B41: Kenny | H41: Ashley P | J41: Dr Lau | K41: Dr Lau | L41: Dr Lau | M41: Dr Lau | N41: Dr Lau | R41: Alexei | S41: Alexei | T41: Alexei | U41: Alexei | V41: Alexei | W41: Alexei | X41: Alexei | AD41: Vero | AE41: Vero | AF41: Vero | AL41: Diana | AM41: Diana | AN41: Diana | AV41: Diana | AX41: Dr Geist | AY41: Dr Geist | AZ41: Dr Geist | BA41: Dr Geist | BG41: Maria Salazar | BK41: Dr Lau | BL41: Dr Lau
C42: Dr Niko | J42: Doc | K42: Doc | L42: Doc | M42: Doc | R42: Dr Alzate | AE42: Karen | AF42: Karen | AH42: Alysia | AI42: Alysia | AN42: Laura | AU42: Nichole G | AV42: Nichole G | AX42: Lesly | AY42: Lesly | AZ42: Lesly | BA42: Lesly | BB42: Lesly | BC42: Lesly | BD42: Lesly | BG42: Adriana | BH42: Adriana | BI42: Adriana | BJ42: Adriana | BK42: Adriana
F43: Dr Geist | G43: Dr Geist | H43: Dr Geist | K43: Sierra M | S43: Liz | AD43: Ethan | AH43: Dr Hab | AI43: Dr Hab | AJ43: Dr Hab | AK43: Dr Hab | AL43: Dr Hab | AM43: Dr Hab | AN43: Dr Hab | AR43: Brandon | BA43: Rachael | BB43: Rachael | BF43: Brandon | BL43: Ken
B44: Carmen | C44: Carmen | D44: Carmen | E44: Carmen | F44: Carmen | G44: Carmen | H44: Carmen | M44: Natalie | X44: Saul | Z44: Nichole | AC44: Nichole | AF44: Caitlin | AH44: Catherine | AM44: Christina | AN44: Christina | AS44: Dr V | AT44: Dr V | AU44: Dr V | AV44: Dr V | BA44: Dr Alzate | BB44: Dr Alzate | BC44: Dr Alzate | BD44: Dr Alzate | BG44: Jenn V | BI44: Kirtlynn | BJ44: Kirtlynn | BK44: Kirtlynn | BL44: Kirtlynn
C45: Dre | D45: Dre | E45: Dre | F45: Dre | G45: Dre | P45: Ashley P | V45: Angie | W45: Angie | X45: Angie | Z45: Nauman Ali | AA45: Nauman Ali | AE45: Dr Alzate | AF45: Dr Alzate | AK45: Crystal | AL45: Crystal | AM45: Crystal | AN45: Crystal | AS45: Dr Scott | AT45: Dr Scott | AU45: Dr Scott | AV45: Dr Scott | AZ45: Veronica | BD45: Veronica | BG45: Victoria
B46: Sonora | C46: Sonora | H46: Dr Lau | J46: Alysia | K46: Alysia | P46: Alysia | V46: Zue | W46: Zue | X46: Zue | Z46: Zowie | AA46: Zowie | AK46: Natalie | AL46: Natalie | AM46: Natalie | AN46: Natalie | AP46: Dr Faro | AQ46: Dr Faro | AV46: Jenn | BD46: Markie | BH46: Veronica | BI46: Veronica | BJ46: Veronica | BK46: Veronica | BL46: Veronica
H47: Bianca | J47: Bianca | K47: Bianca | L47: Bianca | P47: Laura | X47: Vero | AF47: Laura | AJ47: Dr Robertson | AM47: Dr Scott | AN47: Dr Scott | AV47: Carmen | AY47: Dr Faro | AZ47: Dr Faro | BA47: Dr Faro | BC47: Natalie | BD47: Natalie | BF47: Alysia | BL47: Ethan
D48: Lizbeth | E48: Lizbeth | F48: Lizbeth | J48: Dr Hoh | K48: Dr Hoh | L48: Dr Hoh | M48: Dr Hoh | N48: Dr Hoh | O48: Dr Hoh | P48: Dr Hoh | S48: Dr Faro | T48: Dr Faro | U48: Dr Faro | V48: Dr Faro | W48: Dr Faro | X48: Dr Faro | AD48: Jennifer | AE48: Jennifer | AI48: Saul | AJ48: Saul | AK48: Saul | AL48: Saul | AM48: Saul | AU48: Maria Salazar | BC48: Jess Salazar | BG48: Jess S | BH48: Laura | BL48: Laura
J49: Batia | K49: Batia | L49: Batia | M49: Batia | N49: Batia | O49: Batia | P49: Batia | S49: Naomi | T49: Naomi | U49: Naomi | V49: Naomi | W49: Naomi | X49: Naomi | AF49: Markie | AH49: Dr Geist | AN49: Lizbeth | AX49: Nichole | AY49: Nichole | BC49: Maria Salazar | BG49: Brandon | BJ49: Tanya
AY50: Tanya | BC50: Tanya | BF50: Bianca | BG50: Bianca | BH50: Bianca
B51: SUNDAY | C51: MONDAY | D51: TUESDAY | E51: WEDNESDAY | F51: THURSDAY | G51: FRIDAY | H51: SATURDAY | J51: SUNDAY | K51: MONDAY | L51: TUESDAY | M51: WEDNESDAY | N51: THURSDAY | O51: FRIDAY | P51: SATURDAY | R51: SUNDAY | S51: MONDAY | T51: TUESDAY | U51: WEDNESDAY | V51: THURSDAY | W51: FRIDAY | X51: SATURDAY | Z51: SUNDAY | AA51: MONDAY | AB51: TUESDAY | AC51: WEDNESDAY | AD51: THURSDAY | AE51: FRIDAY | AF51: SATURDAY | AH51: SUNDAY | AI51: MONDAY | AJ51: TUESDAY | AK51: WEDNESDAY | AL51: THURSDAY | AM51: FRIDAY | AN51: SATURDAY | AP51: SUNDAY | AQ51: MONDAY | AR51: TUESDAY | AS51: WEDNESDAY | AT51: THURSDAY | AU51: FRIDAY | AV51: SATURDAY | AX51: SUNDAY | AY51: MONDAY | AZ51: TUESDAY | BA51: WEDNESDAY | BB51: THURSDAY | BC51: FRIDAY | BD51: SATURDAY | BF51: SUNDAY | BG51: MONDAY | BH51: TUESDAY | BI51: WEDNESDAY | BJ51: THURSDAY | BK51: FRIDAY | BL51: SATURDAY | BN51: SUNDAY | BO51: MONDAY | BP51: TUESDAY | BQ51: WEDNESDAY | BR51: THURSDAY | BS51: FRIDAY | BT51: SATURDAY | BV51: SUNDAY | BW51: MONDAY | BX51: TUESDAY | BY51: WEDNESDAY | BZ51: THURSDAY | CA51: FRIDAY | CB51: SATURDAY | CD51: SUNDAY | CE51: MONDAY | CF51: TUESDAY | CG51: WEDNESDAY | CH51: THURSDAY | CI51: FRIDAY | CJ51: SATURDAY | CL51: SUNDAY | CM51: MONDAY | CN51: TUESDAY | CO51: WEDNESDAY | CP51: THURSDAY | CQ51: FRIDAY | CR51: SATURDAY
B52: =H36+1 -> 18 | C52: =B52+1 -> 19 | D52: =C52+1 -> 20 | E52: =D52+1 -> 21 | F52: =E52+1 -> 22 | G52: =F52+1 -> 23 | H52: =G52+1 -> 24 | J52: =P36+1 -> 22 | K52: =J52+1 -> 23 | L52: =K52+1 -> 24 | M52: =L52+1 -> 25 | N52: =M52+1 -> 26 | O52: =N52+1 -> 27 | P52: =O52+1 -> 28 | R52: =X36+1 -> 22 | S52: =R52+1 -> 23 | T52: =S52+1 -> 24 | U52: =T52+1 -> 25 | V52: =U52+1 -> 26 | W52: =V52+1 -> 27 | X52: =W52+1 -> 28 | Z52: =AF36+1 -> 26 | AA52: =Z52+1 -> 27 | AB52: =AA52+1 -> 28 | AC52: =AB52+1 -> 29 | AD52: =AC52+1 -> 30 | AE52: 1 | AF52: 2 | AH52: =AN36+1 -> 24 | AI52: =AH52+1 -> 25 | AJ52: =AI52+1 -> 26 | AK52: =AJ52+1 -> 27 | AL52: =AK52+1 -> 28 | AM52: =AL52+1 -> 29 | AN52: =AM52+1 -> 30 | AP52: =AV36+1 -> 21 | AQ52: =AP52+1 -> 22 | AR52: =AQ52+1 -> 23 | AS52: =AR52+1 -> 24 | AT52: =AS52+1 -> 25 | AU52: =AT52+1 -> 26 | AV52: =AU52+1 -> 27 | AX52: =BD36+1 -> 26 | AY52: =AX52+1 -> 27 | AZ52: =AY52+1 -> 28 | BA52: =AZ52+1 -> 29 | BB52: =BA52+1 -> 30 | BC52: =BB52+1 -> 31 | BD52: 1 | BF52: =BL36+1 -> 23 | BG52: =BF52+1 -> 24 | BH52: =BG52+1 -> 25 | BI52: =BH52+1 -> 26 | BJ52: =BI52+1 -> 27 | BK52: =BJ52+1 -> 28 | BL52: =BK52+1 -> 29 | BN52: =BT36+1 -> 20 | BO52: =BN52+1 -> 21 | BP52: =BO52+1 -> 22 | BQ52: =BP52+1 -> 23 | BR52: =BQ52+1 -> 24 | BS52: =BR52+1 -> 25 | BT52: =BS52+1 -> 26 | BV52: =CB36+1 -> 25 | BW52: =BV52+1 -> 26 | BX52: =BW52+1 -> 27 | BY52: =BX52+1 -> 28 | BZ52: =BY52+1 -> 29 | CA52: =BZ52+1 -> 30 | CB52: =CA52+1 -> 31 | CD52: =CJ36+1 -> 22 | CE52: =CD52+1 -> 23 | CF52: =CE52+1 -> 24 | CG52: =CF52+1 -> 25 | CH52: =CG52+1 -> 26 | CI52: =CH52+1 -> 27 | CJ52: =CI52+1 -> 28 | CL52: =CR36+1 -> 20 | CM52: =CL52+1 -> 21 | CN52: =CM52+1 -> 22 | CO52: =CN52+1 -> 23 | CP52: =CO52+1 -> 24 | CQ52: =CP52+1 -> 25 | CR52: =CQ52+1 -> 26
E53: Doc | H53: Vero | K53: Diana | L53: Diana | U53: Adriana | V53: Adriana | W53: Adriana | X53: Vero | AB53: Doc | AC53: Doc | AD53: Doc | AE53: Doc | AF53: Doc | AH53: Ashley P | AI53: Ashley P | AJ53: Ashley P | AK53: Ashley P | AL53: Ashley P | AM53: Ashley P | AN53: Ashley P | AP53: Alysia | AR53: Dr Robertson | AX53: Dr Scott | AY53: Dr Scott | AZ53: Dr Scott | BA53: Dr Scott | BF53: Dr Niko | BG53: Dr Niko | BH53: Dr Niko | BP53: Ashley P | BQ53: Ashley P | BR53: Ashley P | BS53: Ashley P | BT53: Ashley P | CA53: Ken | CB53: Ken | CD53: Diana | CE53: Diana | CF53: Diana | CG53: Diana | CM53: Aislinn | CN53: Aislinn | CO53: Aislinn | CP53: Aislinn | CQ53: Aislinn | CR53: Aislinn
C54: Dr Rally | D54: Dr Rally | E54: Dr Rally | F54: Dr Rally | G54: Dr Rally | V54: Kenny | Z54: Dr Hoh | AA54: Dr Hoh | AB54: Dr Hoh | AC54: Dr Hoh | AD54: Dr Hoh | AE54: Dr Hoh | AF54: Dr Hoh | AI54: Doc | AJ54: Doc | AK54: Doc | AL54: Doc | AM54: Doc | AP54: Alex M | AQ54: Alex M | AR54: Alex M | BB54: Aislinn | BF54: Dr Geist | BK54: Dr Scott | BQ54: Alex M | BR54: Alex M | BS54: Alex M | BT54: Alex M | CJ54: Dr Lau | CP54: Dr Rally | CQ54: Dr Rally | CR54: Dr Rally
B55: Diana | C55: Diana | O55: Jess S | T55: Doc | U55: Doc | V55: Doc | W55: Doc | X55: Doc | Z55: Vero | AA55: Vero | AB55: Vero | AC55: Vero | AD55: Vero | AE55: Vero | AF55: Vero | AH55: Diana | AI55: Diana | AJ55: Diana | AK55: Diana | AL55: Diana | AP55: Dr V | AQ55: Dr V | AS55: Dr V | AT55: Dr V | AU55: Dr V | AV55: Dr V | AX55: Dr Rally | AY55: Dr Rally | AZ55: Dr Rally | BA55: Dr Rally | BB55: Dr Rally | BC55: Dr Rally | BD55: Dr Rally | BK55: Lesly | BL55: Lesly | BS55: Kirtlynn | BT55: Kirtlynn | CE55: Dr Alzate | CF55: Dr Alzate | CG55: Dr Alzate | CP55: Kirtlynn | CQ55: Kirtlynn | CR55: Kirtlynn
B56: Adriana | C56: Adriana | H56: Ervin | O56: Dr Rally | S56: Migue | W56: Dr Faro | X56: Dr Faro | Z56: Karen | AA56: Karen | AB56: Karen | AC56: Karen | AD56: Karen | AE56: Karen | AF56: Karen | AJ56: Dr Robertson | AK56: Dr Robertson | AP56: Brittany F | AS56: Victoria | AZ56: Ken | BK56: Dr Robertson | BL56: Dr Robertson | BN56: Ali | BO56: Ali | BS56: Dr V | BT56: Dr V
H57: Markie | O57: Dr Geist | P57: Dr Geist | S57: Naomi | T57: Naomi | X57: Dr Geist | AF57: Laura | AI57: Dr Alzate | AJ57: Dr Alzate | AN57: Alysia | AR57: Megan | AV57: Dr Alzate | AX57: Lesly | BN57: Dr Scott | BO57: Dr Scott
C58: Jenn V | M58: Joseph | N58: Joseph | O58: Joseph | P58: Joseph | W58: Alysia | X58: Alysia | AF58: Dr Hab | AH58: Dr Scott | AI58: Dr Scott | AN58: Laura | AS58: Doc | AX58: Dr Alzate | AY58: Dr Alzate | AZ58: Dr Alzate | BA58: Dr Alzate | BB58: Dr Alzate | BF58: Kirtlynn | BG58: Kirtlynn | BH58: Kirtlynn | BI58: Kirtlynn | BJ58: Kirtlynn | BK58: Kirtlynn | BO58: Dr Lau | BP58: Dr Lau
C59: Ashley P | J59: Alysia | P59: Alysia | X59: Dr Hab | AJ59: Markie | AK59: Markie | AL59: Markie | AM59: Markie | AV59: Alysia | AZ59: Doc | BA59: Doc | BB59: Doc | BC59: Doc | BD59: Doc | BF59: Veronica | BG59: Veronica | BR59: Carmen
E60: Rachael | F60: Rachael | G60: Rachael | H60: Rachael | J60: Ashley P | K60: Ashley P | P60: Dr Hab | X60: Laura | AI60: Aislinn | AR60: Brandon | AV60: Lizbeth | BC60: Ali | BD60: Ali
B61: Dr Geist | C61: Dr Geist | P61: Laura | U61: Tanya | V61: Tanya | W61: Tanya | X61: Tanya | AH61: Crystal | AM61: Brittany F | AR61: Nichole | AS61: Nichole | AU61: Crystal | AV61: Crystal | AX61: Natalie | AY61: Natalie | BG61: Dr Lau | BJ61: Olivia | BK61: Olivia
B62: Carmen | C62: Carmen | D62: Carmen | E62: Carmen | F62: Carmen | G62: Carmen | H62: Carmen | J62: Dr Hoh | K62: Dr Hoh | L62: Dr Hoh | M62: Dr Hoh | V62: Shelby | W62: Shelby | X62: Shelby | AM62: Diana | AN62: Diana | AQ62: Deija | AR62: Deija | AS62: Deija | AT62: Deija | AU62: Deija | AV62: Deija | AX62: Veronica | AY62: Veronica | BG62: Brandon | BL62: Laura
C63: Brandon | J63: Batia | K63: Batia | L63: Batia | M63: Batia | N63: Batia | O63: Batia | P63: Batia | W63: Kirtlynn | X63: Kirtlynn | AJ63: Ken | AL63: Ken | BC63: Ken | BD63: Ken | BG63: Megan | BH63: Megan | BI63: Megan | BJ63: Megan | BK63: Megan | BL63: Megan
B64: Bianca | C64: Bianca | D64: Bianca | E64: Bianca | F64: Bianca | G64: Bianca | H64: Bianca | O64: Kenny | P64: Kenny | X64: Markie | AH64: Shelby | AI64: Shelby | AJ64: Shelby | AM64: Zuleyka | AN64: Zuleyka | AP64: Dr Scott | AQ64: Dr Scott | BD64: Miguel
B65: Doc | C65: Doc | D65: Doc | E65: Doc | F65: Doc | G65: Doc | H65: Doc | R65: Alexei | S65: Alexei | T65: Alexei | U65: Alexei | V65: Alexei | W65: Alexei | X65: Alexei | AI65: Dr Rally | AJ65: Dr Rally | AN65: Veronica | AP65: Carmen | AQ65: Carmen | AR65: Carmen | AS65: Carmen | AT65: Carmen | AU65: Carmen | AV65: Carmen | BD65: Laura
U66: Dr Robertson | V66: Dr Robertson | W66: Dr Robertson | X66: Dr Robertson | AH66: Christina | AI66: Christina | AJ66: Christina | AK66: Christina | AU66: Veronica | AV66: Veronica
W67: Dr Lau | X67: Dr Lau | AN67: Angela | AU67: Markie | AV67: Markie
U68: Dr Rally | V68: Dr Rally | W68: Dr Rally | X68: Dr Rally | AT68: Ashley | AU68: Ashley | AV68: Ashley
U69: Caitlin | V69: Caitlin | W69: Caitlin | X69: Caitlin | AR69: Maria Salazar
B70: SUNDAY | C70: MONDAY | D70: TUESDAY | E70: WEDNESDAY | F70: THURSDAY | G70: FRIDAY | H70: SATURDAY | J70: SUNDAY | K70: MONDAY | L70: TUESDAY | M70: WEDNESDAY | N70: THURSDAY | O70: FRIDAY | P70: SATURDAY | R70: SUNDAY | S70: MONDAY | T70: TUESDAY | U70: WEDNESDAY | V70: THURSDAY | W70: FRIDAY | X70: SATURDAY | Z70: SUNDAY | AA70: MONDAY | AB70: TUESDAY | AC70: WEDNESDAY | AD70: THURSDAY | AE70: FRIDAY | AF70: SATURDAY | AH70: SUNDAY | AI70: MONDAY | AJ70: TUESDAY | AK70: WEDNESDAY | AL70: THURSDAY | AM70: FRIDAY | AN70: SATURDAY | AP70: SUNDAY | AQ70: MONDAY | AR70: TUESDAY | AS70: WEDNESDAY | AT70: THURSDAY | AU70: FRIDAY | AV70: SATURDAY | AX70: SUNDAY | AY70: MONDAY | AZ70: TUESDAY | BA70: WEDNESDAY | BB70: THURSDAY | BC70: FRIDAY | BD70: SATURDAY | BF70: SUNDAY | BG70: MONDAY | BH70: TUESDAY | BI70: WEDNESDAY | BJ70: THURSDAY | BK70: FRIDAY | BL70: SATURDAY | BN70: SUNDAY | BO70: MONDAY | BP70: TUESDAY | BQ70: WEDNESDAY | BR70: THURSDAY | BS70: FRIDAY | BT70: SATURDAY | BV70: SUNDAY | BW70: MONDAY | BX70: TUESDAY | BY70: WEDNESDAY | BZ70: THURSDAY | CA70: FRIDAY | CB70: SATURDAY | CD70: SUNDAY | CE70: MONDAY | CF70: TUESDAY | CG70: WEDNESDAY | CH70: THURSDAY | CI70: FRIDAY | CJ70: SATURDAY | CL70: SUNDAY | CM70: MONDAY | CN70: TUESDAY | CO70: WEDNESDAY | CP70: THURSDAY | CQ70: FRIDAY | CR70: SATURDAY
B71: =H52+1 -> 25 | C71: =B71+1 -> 26 | D71: =C71+1 -> 27 | E71: =D71+1 -> 28 | F71: =E71+1 -> 29 | G71: =F71+1 -> 30 | H71: =G71+1 -> 31 | R71: =X52+1 -> 29 | S71: =R71+1 -> 30 | T71: =S71+1 -> 31 | U71: 1 | V71: 2 | W71: 3 | X71: 4 | AP71: =AV52+1 -> 28 | AQ71: =AP71+1 -> 29 | AR71: =AQ71+1 -> 30 | AS71: 1 | AT71: 2 | AU71: 3 | AV71: 4 | BN71: =BT52+1 -> 27 | BO71: =BN71+1 -> 28 | BP71: =BO71+1 -> 29 | BQ71: =BP71+1 -> 30 | BR71: 1 | BS71: 2 | BT71: 3 | CL71: =CR52+1 -> 27 | CM71: =CL71+1 -> 28 | CN71: =CM71+1 -> 29 | CO71: =CN71+1 -> 30 | CP71: =CO71+1 -> 31 | CQ71: 1 | CR71: 2
B72: Bianca | C72: Bianca | D72: Bianca | H72: Maria P | S72: Jenn V | T72: Jenn V | U72: Jenn V | V72: Jenn V | W72: Jenn V | X72: Jenn V | AR72: Dr Robertson | AV72: Ken | BN72: Alex M | BT72: Eric | CL72: Aislinn | CM72: Aislinn
C73: Vero | H73: Caitlin | R73: Doc | S73: Doc | T73: Doc | U73: Doc | V73: Doc | W73: Doc | AS73: Jenn V | AT73: Jenn V | BO73: Dr Lau | CL73: Dr Rally | CM73: Dr Rally | CN73: Dr Rally | CO73: Dr Rally | CP73: Dr Rally | CQ73: Dr Rally | CR73: Dr Rally
E74: Adriana | F74: Adriana | G74: Adriana | R74: Dr Faro | S74: Dr Faro | U74: Adriana | V74: Adriana | W74: Alysia | X74: Alysia | AQ74: Ana L | AT74: Dr Scott | AU74: Dr Scott | AV74: Dr Scott | BN74: Dr V | BQ74: Markie | CL74: Kirtlynn | CM74: Kirtlynn | CN74: Kirtlynn
C75: Dr Geist | D75: Dr Geist | R75: Dr Geist | S75: Dr Geist | T75: Dr Geist | U75: Dr Geist | V75: Dr Geist | AP75: Dr V | AQ75: Dr V | AR75: Dr V | AS75: Dr V | AT75: Dr V | AU75: Dr V | AV75: Dr V
F76: Aislinn | R76: Tanya | V76: Dr V | W76: Dr V | X76: Dr V | AU76: Dr Rally | AV76: Dr Rally
H77: Ervin | V77: Dr Scott | W77: Dr Scott | X77: Dr Scott | AP77: Ashley | AQ77: Ashley | AT77: Dr Geist | AU77: Dr Geist | AV77: Dr Geist
B78: Carmen | C78: Carmen | D78: Carmen | E78: Carmen | F78: Carmen | G78: Carmen | H78: Carmen | R78: Shelby | S78: Shelby | X78: Markie | AR78: Brandon | AV78: Alysia
E79: Dr Lau | F79: Dr Lau | G79: Dr Lau | H79: Dr Lau | R79: Kirtlynn | S79: Kirtlynn | X79: Laura | AP79: Crystal | AQ79: Crystal | AT79: Jisun | AU79: Jisun
C80: Doc | R80: Caitlin | S80: Aislinn | U80: Tay Fox | V80: Tay Fox | W80: Tay Fox | X80: Tay Fox | AP80: Carmen | AQ80: Carmen | AR80: Carmen | AS80: Carmen | AV80: Ali
R81: Dr Rally | S81: Dr Rally | T81: Dr Rally | U81: Dr Rally | V81: Dr Rally | W81: Dr Rally | X81: Dr Rally

Sheet ALT CAL
B1: r-[ | C1: JANUARY | K1: FEBRUARY | S1: MARCH | AA1: APRIL | AI1: MAY | AQ1: JUNE | AY1: JULY | BG1: AUGUST | BO1: SEPTEMBER | BW1: OCTOBER | CE1: NOVEMBER | CM1: DECEMBER
A2: EMPLOYEE | C2: SUNDAY | D2: MONDAY | E2: TUESDAY | F2: WEDNESDAY | G2: THURSDAY | H2: FRIDAY | I2: SATURDAY | K2: SUNDAY | L2: MONDAY | M2: TUESDAY | N2: WEDNESDAY | O2: THURSDAY | P2: FRIDAY | Q2: SATURDAY | S2: SUNDAY | T2: MONDAY | U2: TUESDAY | V2: WEDNESDAY | W2: THURSDAY | X2: FRIDAY | Y2: SATURDAY | AA2: SUNDAY | AB2: MONDAY | AC2: TUESDAY | AD2: WEDNESDAY | AE2: THURSDAY | AF2: FRIDAY | AG2: SATURDAY | AI2: SUNDAY | AJ2: MONDAY | AK2: TUESDAY | AL2: WEDNESDAY | AM2: THURSDAY | AN2: FRIDAY | AO2: SATURDAY | AQ2: SUNDAY | AR2: MONDAY | AS2: TUESDAY | AT2: WEDNESDAY | AU2: THURSDAY | AV2: FRIDAY | AW2: SATURDAY | AY2: SUNDAY | AZ2: MONDAY | BA2: TUESDAY | BB2: WEDNESDAY | BC2: THURSDAY | BD2: FRIDAY | BE2: SATURDAY | BG2: SUNDAY | BH2: MONDAY | BI2: TUESDAY | BJ2: WEDNESDAY | BK2: THURSDAY | BL2: FRIDAY | BM2: SATURDAY | BO2: SUNDAY | BP2: MONDAY | BQ2: TUESDAY | BR2: WEDNESDAY | BS2: THURSDAY | BT2: FRIDAY | BU2: SATURDAY | BW2: SUNDAY | BX2: MONDAY | BY2: TUESDAY | BZ2: WEDNESDAY | CA2: THURSDAY | CB2: FRIDAY | CC2: SATURDAY | CE2: SUNDAY | CF2: MONDAY | CG2: TUESDAY | CH2: WEDNESDAY | CI2: THURSDAY | CJ2: FRIDAY | CK2: SATURDAY | CM2: SUNDAY | CN2: MONDAY | CO2: TUESDAY | CP2: WEDNESDAY | CQ2: THURSDAY | CR2: FRIDAY | CS2: SATURDAY
C3: 28 | D3: 29 | E3: 30 | F3: 31 | G3: 1 | H3: 2 | I3: 3 | K3: 1 | L3: 2 | M3: 3 | N3: 4 | O3: 5 | P3: 6 | Q3: 7 | S3: 1 | T3: 2 | U3: 3 | V3: 4 | W3: 5 | X3: 6 | Y3: 7 | Z3: 5 | AA3: 5 | AB3: 6 | AC3: 7 | AD3: 8 | AE3: 9 | AF3: 10 | AG3: 11 | AI3: 3 | AJ3: 4 | AK3: 5 | AL3: 6 | AM3: 7 | AN3: 8 | AO3: 9 | AQ3: 31 | AR3: 1 | AS3: 2 | AT3: 3 | AU3: 4 | AV3: 5 | AW3: 6 | AY3: 5 | AZ3: 6 | BA3: 7 | BB3: 8 | BC3: 9 | BD3: 10 | BE3: 11 | BG3: 2 | BH3: 3 | BI3: 4 | BJ3: 5 | BK3: 6 | BL3: 7 | BM3: 8 | BO3: 30 | BP3: 31 | BQ3: 1 | BR3: 2 | BS3: 3 | BT3: 4 | BU3: 5 | BW3: 4 | BX3: 5 | BY3: 6 | BZ3: 7 | CA3: 8 | CB3: 9 | CC3: 10 | CE3: 1 | CF3: 2 | CG3: 3 | CH3: 4 | CI3: 5 | CJ3: 6 | CK3: 7 | CM3: 29 | CN3: 30 | CO3: 1 | CP3: 2 | CQ3: 3 | CR3: 4 | CS3: 5
A4: Cynthia (Legal) 1pm-9pm | C4: Emergencies only | D4: Remote/ Available | E4: Remote/ Available | F4: Remote/ Available | G4: Remote/ Available | H4: Remote/ Available | I4: Emergencies only | K4: Emergencies only | L4: Remote/ Available | M4: Remote/ Available | N4: Remote/ Available | O4: Remote/ Available | P4: Remote/ Available | Q4: Emergencies only | S4: Emergencies only | T4: Remote/ Available | U4: Remote/ Available | V4: Remote/ Available | W4: Remote/ Available | X4: Remote/ Available | Y4: Emergencies only | AA4: Off | AB4: Off | AC4: Off | AD4: Off | AE4: Off | AF4: Off | AG4: Off | AI4: Emergencies only | AO4: Emergencies only | AQ4: Emergencies only | AW4: Emergencies only | AY4: Emergencies only | BE4: Emergencies only | BG4: Emergencies only | BM4: Emergencies only | BO4: Emergencies only | BU4: Emergencies only | BW4: Emergencies only | CC4: Emergencies only | CE4: Emergencies only | CK4: Emergencies only | CM4: Emergencies only | CS4: Emergencies only
A5: Gladys (CCO) | C5: If need-Remote | D5: Remote/ Available | E5: Remote/ Available | G5: Remote/ Available | H5: Remote/ Available | I5: Emergencies only | AA5: Unavailable | AB5: Unavailable | AC5: Unavailable | AJ5: Remote/ Available | AK5: Remote/ Available | AL5: Remote/ Available | AM5: Remote/ Available | AN5: Remote/ Available
A6: Marc (COO) | C6: If need-Remote | D6: Aetna/Ven | E6: Aetna/Ven | F6: Out Early | G6: If need-Remote | H6: Aetna/Ven | I6: As Needed | K6: As Needed | L6: Aetna/Ven | M6: Aetna/Ven | N6: Aetna/Ven | O6: Aetna/Ven | P6: Aetna/Ven | Q6: As Needed | S6: As Needed | T6: Aetna/Ven | U6: Aetna/Ven | V6: Aetna/Ven | W6: Aetna/Ven | X6: Aetna/Ven | Y6: As Needed | AA6: Remote/ Available | AB6: Aetna/Ven | AC6: Aetna/Ven | AD6: Aetna/Ven | AE6: If need-Remote | AF6: If need-Remote | AG6: Unavailable | AI6: If need-Remote | AJ6: Aetna/Ven | AK6: Aetna/Ven | AL6: Aetna/Ven | AM6: Aetna/Ven | AN6: Aetna/Ven | AO6: As Needed | AQ6: As Needed | AR6: Aetna/Ven | AS6: Aetna/Ven | AT6: Aetna/Ven | AU6: Aetna/Ven | AV6: Aetna/Ven | AW6: Unavailable | AY6: Unavailable | AZ6: Aetna/Ven | BA6: Aetna/Ven | BB6: Aetna/Ven | BC6: Aetna/Ven | BD6: Aetna/Ven | BE6: As Needed | BG6: Unavailable | BH6: Aetna/Ven | BI6: Aetna/Ven | BJ6: Aetna/Ven | BK6: Aetna/Ven | BL6: Aetna/Ven | BM6: As Needed | BO6: OFF GRID- BM | BP6: OFF GRID- BM | BQ6: OFF GRID- BM | BR6: OFF GRID- BM | BS6: OFF GRID- BM | BT6: OFF GRID- BM | BU6: OFF GRID- BM
A7: Angie (Schedule Admin) | C7: Remote/ Available | D7: Remote/ Available | E7: Remote/ Available | F7: Remote/ Available | G7: Off | H7: Remote/ Available | I7: Remote/ Available | L7: Remote/ Available | M7: Remote/ Available | N7: Remote/ Available | O7: Remote/ Available | P7: Remote/ Available | Q7: Remote/ Available | T7: Remote/ Available | U7: Remote/ Available | V7: Remote/ Available | W7: Remote/ Available | X7: Remote/ Available | Y7: Remote/ Available | AB7: Remote/ Available | AC7: Remote/ Available | AD7: Remote/ Available | AE7: Remote/ Available | AF7: Remote/ Available | AG7: Remote/ Available | AJ7: Remote/ Available | AK7: Remote/ Available | AL7: Remote/ Available | AM7: Remote/ Available | AN7: Remote/ Available | AO7: Remote/ Available
A8: Christina (Remote Admin)
A9: Dre (Marketing Dir) | L9: Remote/ Available | M9: Venice/ Aetna | N9: Venice/ Aetna | O9: Out Early | P9: Remote/ Available | Q9: Remote/ Available | S9: As Needed | T9: Remote | U9: Aetna/Ven | V9: Aetna/Ven | W9: Aetna/Ven | X9: Remote | Y9: As Needed | AB9: Remote | AC9: Off | AD9: Off | AE9: Off | AF9: Off | AG9: Off | AJ9: Remote | AK9: Remote | AL9: Aetna/Ven | AM9: Aetna/Ven | AN9: Remote | AO9: Off | AR9: Remote | AS9: Remote | AT9: Aetna/Ven | AU9: Aetna/Ven | AV9: Remote
C11: SUNDAY | D11: MONDAY | E11: TUESDAY | F11: WEDNESDAY | G11: THURSDAY | H11: FRIDAY | I11: SATURDAY | K11: SUNDAY | L11: MONDAY | M11: TUESDAY | N11: WEDNESDAY | O11: THURSDAY | P11: FRIDAY | Q11: SATURDAY | S11: SUNDAY | T11: MONDAY | U11: TUESDAY | V11: WEDNESDAY | W11: THURSDAY | X11: FRIDAY | Y11: SATURDAY | AA11: SUNDAY | AB11: MONDAY | AC11: TUESDAY | AD11: WEDNESDAY | AE11: THURSDAY | AF11: FRIDAY | AG11: SATURDAY | AI11: SUNDAY | AJ11: MONDAY | AK11: TUESDAY | AL11: WEDNESDAY | AM11: THURSDAY | AN11: FRIDAY | AO11: SATURDAY | AQ11: SUNDAY | AR11: MONDAY | AS11: TUESDAY | AT11: WEDNESDAY | AU11: THURSDAY | AV11: FRIDAY | AW11: SATURDAY | AY11: SUNDAY | AZ11: MONDAY | BA11: TUESDAY | BB11: WEDNESDAY | BC11: THURSDAY | BD11: FRIDAY | BE11: SATURDAY | BG11: SUNDAY | BH11: MONDAY | BI11: TUESDAY | BJ11: WEDNESDAY | BK11: THURSDAY | BL11: FRIDAY | BM11: SATURDAY | BO11: SUNDAY | BP11: MONDAY | BQ11: TUESDAY | BR11: WEDNESDAY | BS11: THURSDAY | BT11: FRIDAY | BU11: SATURDAY | BW11: SUNDAY | BX11: MONDAY | BY11: TUESDAY | BZ11: WEDNESDAY | CA11: THURSDAY | CB11: FRIDAY | CC11: SATURDAY | CE11: SUNDAY | CF11: MONDAY | CG11: TUESDAY | CH11: WEDNESDAY | CI11: THURSDAY | CJ11: FRIDAY | CK11: SATURDAY | CM11: SUNDAY | CN11: MONDAY | CO11: TUESDAY | CP11: WEDNESDAY | CQ11: THURSDAY | CR11: FRIDAY | CS11: SATURDAY
C12: =I3+1 -> 4 | D12: =C12+1 -> 5 | E12: =D12+1 -> 6 | F12: =E12+1 -> 7 | G12: =F12+1 -> 8 | H12: =G12+1 -> 9 | I12: =H12+1 -> 10 | K12: =Q3+1 -> 8 | L12: =K12+1 -> 9 | M12: =L12+1 -> 10 | N12: =M12+1 -> 11 | O12: =N12+1 -> 12 | P12: =O12+1 -> 13 | Q12: =P12+1 -> 14 | S12: =Y3+1 -> 8 | T12: =S12+1 -> 9 | U12: =T12+1 -> 10 | V12: =U12+1 -> 11 | W12: =V12+1 -> 12 | X12: =W12+1 -> 13 | Y12: =X12+1 -> 14 | AA12: =AG3+1 -> 12 | AB12: =AA12+1 -> 13 | AC12: =AB12+1 -> 14 | AD12: =AC12+1 -> 15 | AE12: =AD12+1 -> 16 | AF12: =AE12+1 -> 17 | AG12: =AF12+1 -> 18 | AI12: =AO3+1 -> 10 | AJ12: =AI12+1 -> 11 | AK12: =AJ12+1 -> 12 | AL12: =AK12+1 -> 13 | AM12: =AL12+1 -> 14 | AN12: =AM12+1 -> 15 | AO12: =AN12+1 -> 16 | AQ12: =AW3+1 -> 7 | AR12: =AQ12+1 -> 8 | AS12: =AR12+1 -> 9 | AT12: =AS12+1 -> 10 | AU12: =AT12+1 -> 11 | AV12: =AU12+1 -> 12 | AW12: =AV12+1 -> 13 | AY12: =BE3+1 -> 12 | AZ12: =AY12+1 -> 13 | BA12: =AZ12+1 -> 14 | BB12: =BA12+1 -> 15 | BC12: =BB12+1 -> 16 | BD12: =BC12+1 -> 17 | BE12: =BD12+1 -> 18 | BG12: =BM3+1 -> 9 | BH12: =BG12+1 -> 10 | BI12: =BH12+1 -> 11 | BJ12: =BI12+1 -> 12 | BK12: =BJ12+1 -> 13 | BL12: =BK12+1 -> 14 | BM12: =BL12+1 -> 15 | BO12: =BU3+1 -> 6 | BP12: =BO12+1 -> 7 | BQ12: =BP12+1 -> 8 | BR12: =BQ12+1 -> 9 | BS12: =BR12+1 -> 10 | BT12: =BS12+1 -> 11 | BU12: =BT12+1 -> 12 | BW12: =CC3+1 -> 11 | BX12: =BW12+1 -> 12 | BY12: =BX12+1 -> 13 | BZ12: =BY12+1 -> 14 | CA12: =BZ12+1 -> 15 | CB12: =CA12+1 -> 16 | CC12: =CB12+1 -> 17 | CE12: =CK3+1 -> 8 | CF12: =CE12+1 -> 9 | CG12: =CF12+1 -> 10 | CH12: =CG12+1 -> 11 | CI12: =CH12+1 -> 12 | CJ12: =CI12+1 -> 13 | CK12: =CJ12+1 -> 14 | CM12: =CS3+1 -> 6 | CN12: =CM12+1 -> 7 | CO12: =CN12+1 -> 8 | CP12: =CO12+1 -> 9 | CQ12: =CP12+1 -> 10 | CR12: =CQ12+1 -> 11 | CS12: =CR12+1 -> 12
A13: Cynthia (Legal) 1pm-9pm | C13: Emergencies only | D13: Remote/ Available | E13: Remote/ Available | F13: Remote/ Available | G13: Remote/ Available | H13: Remote/ Available | I13: Emergencies only | K13: Emergencies only | L13: Remote/ Available | M13: Remote/ Available | N13: Remote/ Available | O13: Remote/ Available | P13: Remote/ Available | Q13: Emergencies only | S13: Emergencies only | T13: Remote/ Available | U13: Remote/ Available | V13: Remote/ Available | W13: Remote/ Available | X13: Remote/ Available | Y13: Emergencies only | AA13: Emergencies only | AG13: Emergencies only | AI13: Emergencies only | AO13: Emergencies only | AQ13: Emergencies only | AW13: Emergencies only | AY13: Emergencies only | BE13: Emergencies only | BG13: Emergencies only | BM13: Emergencies only | BO13: Emergencies only | BU13: Emergencies only | BW13: Emergencies only | CC13: Emergencies only | CE13: Emergencies only | CK13: Emergencies only | CM13: Emergencies only | CS13: Emergencies only
A14: Gladys (CCO) | C14: If need-Remote | D14: Remote/ Available | E14: Remote/ Available | F14: Remote/ Available | G14: Remote/ Available | H14: Remote/ Available | I14: If need-Remote | AB14: Remote/ Available | AC14: Remote/ Available | AD14: Remote/ Available | AE14: Remote/ Available | AF14: Remote/ Available | AJ14: Remote/ Available | AK14: Remote/ Available | AL14: Remote/ Available | AM14: Remote/ Available | AN14: Remote/ Available
A15: Marc (COO) | C15: As Needed | D15: Aetna/Ven | E15: Aetna/Ven | F15: Aetna/Ven | G15: Out Early | H15: Unavailable | I15: Unavailable | K15: As Needed | L15: Aetna/Ven | M15: Aetna/Ven | N15: Aetna/Ven | O15: Aetna/Ven | P15: Aetna/Ven | Q15: As Needed | S15: As Needed | T15: Aetna/Ven | U15: Aetna/Ven | V15: Aetna/Ven | W15: Aetna/Ven | X15: Aetna/Ven | Y15: As Needed | AA15: Unavailable | AB15: Aetna/Ven | AC15: Aetna/Ven | AD15: Aetna/Ven | AE15: Aetna/Ven | AF15: Aetna/Ven | AG15: As Needed | AI15: As Needed | AJ15: Aetna/Ven | AK15: Aetna/Ven | AL15: Aetna/Ven | AM15: Unavailable | AN15: Unavailable | AO15: Unavailable | AQ15: Unavailable | AR15: Aetna/Ven | AS15: Aetna/Ven | AT15: Aetna/Ven | AU15: Venice | AV15: Venice | AW15: Venice | AY15: Unavailable | AZ15: Aetna/Ven | BA15: Aetna/Ven | BB15: Aetna/Ven | BC15: Aetna/Ven | BD15: Aetna/Ven | BE15: As Needed | BG15: Unavailable | BH15: Aetna/Ven | BI15: Aetna/Ven | BJ15: Aetna/Ven | BK15: Aetna/Ven | BL15: Aetna/Ven | BM15: As Needed | BO15: OFF GRID- BM | BP15: OFF GRID- BM | BQ15: Aetna/Ven | BR15: Aetna/Ven | BS15: Aetna/Ven
A16: Angie (Schedule Admin) | D16: Remote/ Available | E16: Remote/ Available | F16: Remote/ Available | G16: Remote/ Available | H16: Remote/ Available | I16: Remote/ Available | L16: Remote/ Available | M16: Remote/ Available | N16: Remote/ Available | O16: Remote/ Available | P16: Remote/ Available | Q16: Remote/ Available | T16: Remote/ Available | U16: Remote/ Available | V16: Remote/ Available | W16: Remote/ Available | X16: Remote/ Available | Y16: Remote/ Available | AB16: Remote/ Available | AC16: Remote/ Available | AD16: Remote/ Available | AE16: Remote/ Available | AF16: Remote/ Available | AG16: Remote/ Available | AJ16: Remote/ Available | AK16: Remote/ Available | AL16: Off | AM16: Off | AN16: Off | AO16: Off
A17: Christina (Remote Admin)
A18: Dre (Marketing Dir) | C18: Remote/ Available | E18: Remote/ Available | F18: Venice | G18: Venice | H18: Remote/ Available | I18: If need-Remote | K18: Unavailable | L18: Remote/ Available | M18: Remote/ Available | N18: Venice/ Aetna | O18: Venice/ Aetna | P18: Remote/ Available | Q18: Unavailable | T18: Remote | U18: Aetna/Ven | V18: Aetna/Ven | W18: Aetna/Ven | X18: Remote | AA18: Off | AB18: Off | AC18: Off | AD18: Off | AE18: Off | AF18: Remote | AI18: Off | AJ18: Remote | AK18: Remote | AL18: Aetna/Ven | AM18: Aetna/Ven | AN18: Remote | AR18: Remote | AS18: Remote | AT18: Aetna/Ven | AU18: Aetna/Ven | AV18: Remote | AW18: Adoptapalooza
C20: SUNDAY | D20: MONDAY | E20: TUESDAY | F20: WEDNESDAY | G20: THURSDAY | H20: FRIDAY | I20: SATURDAY | K20: SUNDAY | L20: MONDAY | M20: TUESDAY | N20: WEDNESDAY | O20: THURSDAY | P20: FRIDAY | Q20: SATURDAY | S20: SUNDAY | T20: MONDAY | U20: TUESDAY | V20: WEDNESDAY | W20: THURSDAY | X20: FRIDAY | Y20: SATURDAY | AA20: SUNDAY | AB20: MONDAY | AC20: TUESDAY | AD20: WEDNESDAY | AE20: THURSDAY | AF20: FRIDAY | AG20: SATURDAY | AI20: SUNDAY | AJ20: MONDAY | AK20: TUESDAY | AL20: WEDNESDAY | AM20: THURSDAY | AN20: FRIDAY | AO20: SATURDAY | AQ20: SUNDAY | AR20: MONDAY | AS20: TUESDAY | AT20: WEDNESDAY | AU20: THURSDAY | AV20: FRIDAY | AW20: SATURDAY | AY20: SUNDAY | AZ20: MONDAY | BA20: TUESDAY | BB20: WEDNESDAY | BC20: THURSDAY | BD20: FRIDAY | BE20: SATURDAY | BG20: SUNDAY | BH20: MONDAY | BI20: TUESDAY | BJ20: WEDNESDAY | BK20: THURSDAY | BL20: FRIDAY | BM20: SATURDAY | BO20: SUNDAY | BP20: MONDAY | BQ20: TUESDAY | BR20: WEDNESDAY | BS20: THURSDAY | BT20: FRIDAY | BU20: SATURDAY | BW20: SUNDAY | BX20: MONDAY | BY20: TUESDAY | BZ20: WEDNESDAY | CA20: THURSDAY | CB20: FRIDAY | CC20: SATURDAY | CE20: SUNDAY | CF20: MONDAY | CG20: TUESDAY | CH20: WEDNESDAY | CI20: THURSDAY | CJ20: FRIDAY | CK20: SATURDAY | CM20: SUNDAY | CN20: MONDAY | CO20: TUESDAY | CP20: WEDNESDAY | CQ20: THURSDAY | CR20: FRIDAY | CS20: SATURDAY
C21: =I12+1 -> 11 | D21: =C21+1 -> 12 | E21: =D21+1 -> 13 | F21: =E21+1 -> 14 | G21: =F21+1 -> 15 | H21: =G21+1 -> 16 | I21: =H21+1 -> 17 | K21: =Q12+1 -> 15 | L21: =K21+1 -> 16 | M21: =L21+1 -> 17 | N21: =M21+1 -> 18 | O21: =N21+1 -> 19 | P21: =O21+1 -> 20 | Q21: =P21+1 -> 21 | S21: =Y12+1 -> 15 | T21: =S21+1 -> 16 | U21: =T21+1 -> 17 | V21: =U21+1 -> 18 | W21: =V21+1 -> 19 | X21: =W21+1 -> 20 | Y21: =X21+1 -> 21 | AA21: =AG12+1 -> 19 | AB21: =AA21+1 -> 20 | AC21: =AB21+1 -> 21 | AD21: =AC21+1 -> 22 | AE21: =AD21+1 -> 23 | AF21: =AE21+1 -> 24 | AG21: =AF21+1 -> 25 | AI21: =AO12+1 -> 17 | AJ21: =AI21+1 -> 18 | AK21: =AJ21+1 -> 19 | AL21: =AK21+1 -> 20 | AM21: =AL21+1 -> 21 | AN21: =AM21+1 -> 22 | AO21: =AN21+1 -> 23 | AQ21: =AW12+1 -> 14 | AR21: =AQ21+1 -> 15 | AS21: =AR21+1 -> 16 | AT21: =AS21+1 -> 17 | AU21: =AT21+1 -> 18 | AV21: =AU21+1 -> 19 | AW21: =AV21+1 -> 20 | AY21: =BE12+1 -> 19 | AZ21: =AY21+1 -> 20 | BA21: =AZ21+1 -> 21 | BB21: =BA21+1 -> 22 | BC21: =BB21+1 -> 23 | BD21: =BC21+1 -> 24 | BE21: =BD21+1 -> 25 | BG21: =BM12+1 -> 16 | BH21: =BG21+1 -> 17 | BI21: =BH21+1 -> 18 | BJ21: =BI21+1 -> 19 | BK21: =BJ21+1 -> 20 | BL21: =BK21+1 -> 21 | BM21: =BL21+1 -> 22 | BO21: =BU12+1 -> 13 | BP21: =BO21+1 -> 14 | BQ21: =BP21+1 -> 15 | BR21: =BQ21+1 -> 16 | BS21: =BR21+1 -> 17 | BT21: =BS21+1 -> 18 | BU21: =BT21+1 -> 19 | BW21: =CC12+1 -> 18 | BX21: =BW21+1 -> 19 | BY21: =BX21+1 -> 20 | BZ21: =BY21+1 -> 21 | CA21: =BZ21+1 -> 22 | CB21: =CA21+1 -> 23 | CC21: =CB21+1 -> 24 | CE21: =CK12+1 -> 15 | CF21: =CE21+1 -> 16 | CG21: =CF21+1 -> 17 | CH21: =CG21+1 -> 18 | CI21: =CH21+1 -> 19 | CJ21: =CI21+1 -> 20 | CK21: =CJ21+1 -> 21 | CM21: =CS12+1 -> 13 | CN21: =CM21+1 -> 14 | CO21: =CN21+1 -> 15 | CP21: =CO21+1 -> 16 | CQ21: =CP21+1 -> 17 | CR21: =CQ21+1 -> 18 | CS21: =CR21+1 -> 19
A22: Cynthia (Legal) 1pm-9pm | C22: Emergencies only | D22: Remote/ Available | E22: Remote/ Available | F22: Off | G22: Off | H22: Off | I22: Emergencies only | K22: Emergencies only | L22: Remote/ Available | M22: Remote/ Available | N22: Remote/ Available | O22: Remote/ Available | P22: Remote/ Available | Q22: Emergencies only | S22: Emergencies only | T22: Remote/ Available | U22: Remote/ Available | V22: Remote/ Available | W22: Remote/ Available | X22: Remote/ Available | Y22: Emergencies only | AA22: Emergencies only | AG22: Emergencies only | AI22: Emergencies only | AN22: Unavailable | AO22: Unavailable | AQ22: Emergencies only | AW22: Emergencies only | AY22: Emergencies only | BE22: Emergencies only | BG22: Emergencies only | BM22: Emergencies only | BO22: Emergencies only | BU22: Emergencies only | BW22: Emergencies only | CC22: Emergencies only | CE22: Emergencies only | CK22: Emergencies only | CM22: Emergencies only | CS22: Emergencies only
A23: Gladys (CCO) | C23: If need-Remote | D23: Remote/ Available | E23: Remote/ Available | F23: Remote/ Available | G23: Remote/ Available | H23: Remote/ Available | I23: If need-Remote | T23: Remote/ Available | U23: Remote/ Available | V23: Remote/ Available | W23: Remote/ Available | X23: Remote/ Available | AB23: Remote/ Available | AC23: Remote/ Available | AD23: Remote/ Available | AE23: Remote/ Available | AF23: Unavailable | AJ23: Remote/ Available | AK23: Remote/ Available | AL23: Remote/ Available | AM23: Remote/ Available | AN23: Remote/ Available
A24: Marc (COO) | C24: If need-Remote | D24: Aetna/Ven | E24: Aetna/Ven | F24: Aetna/Ven | G24: Aetna/Ven | H24: Aetna/Ven | I24: If need-Remote | K24: As Needed | L24: Aetna/Ven | M24: Aetna/Ven | N24: Aetna/Ven | O24: Aetna/Ven | P24: Aetna/Ven | Q24: As Needed | S24: As Needed | T24: Aetna/Ven | U24: Aetna/Ven | V24: Aetna/Ven | W24: Aetna/Ven | X24: Aetna/Ven | Y24: As Needed | AA24: As Needed | AB24: Unavailable | AC24: Unavailable | AD24: Remote | AE24: Aetna/Ven | AF24: Aetna/Ven | AG24: As Needed | AI24: Unavailable | AJ24: Unavailable | AK24: Aetna/Ven | AL24: Aetna/Ven | AM24: Aetna/Ven | AN24: Aetna/Ven | AO24: As Needed | AQ24: As Needed | AR24: Aetna/Ven | AS24: Aetna/Ven | AT24: Aetna/Ven | AU24: Aetna/Ven | AV24: Aetna/Ven | AW24: As Needed | AY24: Unavailable | AZ24: Aetna/Ven | BA24: Aetna/Ven | BB24: Aetna/Ven | BC24: Aetna/Ven | BD24: Aetna/Ven | BE24: As Needed | BG24: Unavailable | BH24: Aetna/Ven | BI24: Aetna/Ven | BJ24: Aetna/Ven | BK24: Aetna/Ven | BL24: Aetna/Ven | BM24: As Needed | BP24: Aetna/Ven | BQ24: Aetna/Ven | BR24: Aetna/Ven | BS24: Aetna/Ven | BT24: Aetna/Ven
A25: Angie (Schedule Admin) | D25: Remote/ Available | E25: Remote/ Available | F25: Remote/ Available | G25: Remote/ Available | H25: Remote/ Available | I25: Remote/ Available | L25: Remote/ Available | M25: Remote/ Available | N25: Remote/ Available | O25: Remote/ Available | P25: Remote/ Available | Q25: Remote/ Available | T25: Remote/ Available | U25: Remote/ Available | V25: Remote/ Available | W25: Off | X25: Off | Y25: Off | AB25: Remote/ Available | AC25: Remote/ Available | AD25: Remote/ Available | AE25: Remote/ Available | AF25: Remote/ Available | AG25: Remote/ Available | AI25: Off | AJ25: Off | AK25: Off | AL25: Off | AM25: Off | AN25: Off | AO25: Off
A26: Christina (Remote Admin)
A27: Dre (Marketing Dir) | C27: Unavailable | D27: Remote/ Available | E27: Remote/ Available | F27: Remote/ Available | G27: Remote/ Available | H27: Remote/ Available | I27: Unavailable | K27: Unavailable | L27: Remote/ Available | M27: Remote/ Available | N27: Venice/ Aetna | O27: Venice/ Aetna | P27: Remote/ Available | Q27: If need-Remote | T27: Remote | U27: Aetna/Ven | V27: Aetna/Ven | W27: Aetna/Ven | X27: Remote | Y27: Event | AB27: Remote | AC27: Remote | AD27: Aetna/Ven | AE27: Aetna/Ven | AF27: Remote | AI27: Dog PPL | AJ27: Remote | AK27: Remote | AL27: Aetna/Ven | AM27: Aetna/Ven | AN27: Remote | AR27: Remote | AS27: Remote | AT27: Aetna/Ven | AU27: Aetna/Ven | AV27: POSSIBLE LAST DAY
C29: SUNDAY | D29: MONDAY | E29: TUESDAY | F29: WEDNESDAY | G29: THURSDAY | H29: FRIDAY | I29: SATURDAY | K29: SUNDAY | L29: MONDAY | M29: TUESDAY | N29: WEDNESDAY | O29: THURSDAY | P29: FRIDAY | Q29: SATURDAY | S29: SUNDAY | T29: MONDAY | U29: TUESDAY | V29: WEDNESDAY | W29: THURSDAY | X29: FRIDAY | Y29: SATURDAY | AA29: SUNDAY | AB29: MONDAY | AC29: TUESDAY | AD29: WEDNESDAY | AE29: THURSDAY | AF29: FRIDAY | AG29: SATURDAY | AI29: SUNDAY | AJ29: MONDAY | AK29: TUESDAY | AL29: WEDNESDAY | AM29: THURSDAY | AN29: FRIDAY | AO29: SATURDAY | AQ29: SUNDAY | AR29: MONDAY | AS29: TUESDAY | AT29: WEDNESDAY | AU29: THURSDAY | AV29: FRIDAY | AW29: SATURDAY | AY29: SUNDAY | AZ29: MONDAY | BA29: TUESDAY | BB29: WEDNESDAY | BC29: THURSDAY | BD29: FRIDAY | BE29: SATURDAY | BG29: SUNDAY | BH29: MONDAY | BI29: TUESDAY | BJ29: WEDNESDAY | BK29: THURSDAY | BL29: FRIDAY | BM29: SATURDAY | BO29: SUNDAY | BP29: MONDAY | BQ29: TUESDAY | BR29: WEDNESDAY | BS29: THURSDAY | BT29: FRIDAY | BU29: SATURDAY | BW29: SUNDAY | BX29: MONDAY | BY29: TUESDAY | BZ29: WEDNESDAY | CA29: THURSDAY | CB29: FRIDAY | CC29: SATURDAY | CE29: SUNDAY | CF29: MONDAY | CG29: TUESDAY | CH29: WEDNESDAY | CI29: THURSDAY | CJ29: FRIDAY | CK29: SATURDAY | CM29: SUNDAY | CN29: MONDAY | CO29: TUESDAY | CP29: WEDNESDAY | CQ29: THURSDAY | CR29: FRIDAY | CS29: SATURDAY
C30: =I21+1 -> 18 | D30: =C30+1 -> 19 | E30: =D30+1 -> 20 | F30: =E30+1 -> 21 | G30: =F30+1 -> 22 | H30: =G30+1 -> 23 | I30: =H30+1 -> 24 | K30: =Q21+1 -> 22 | L30: =K30+1 -> 23 | M30: =L30+1 -> 24 | N30: =M30+1 -> 25 | O30: =N30+1 -> 26 | P30: =O30+1 -> 27 | Q30: =P30+1 -> 28 | S30: =Y21+1 -> 22 | T30: =S30+1 -> 23 | U30: =T30+1 -> 24 | V30: =U30+1 -> 25 | W30: =V30+1 -> 26 | X30: =W30+1 -> 27 | Y30: =X30+1 -> 28 | AA30: =AG21+1 -> 26 | AB30: =AA30+1 -> 27 | AC30: =AB30+1 -> 28 | AD30: =AC30+1 -> 29 | AE30: =AD30+1 -> 30 | AF30: 1 | AG30: 2 | AI30: =AO21+1 -> 24 | AJ30: =AI30+1 -> 25 | AK30: =AJ30+1 -> 26 | AL30: =AK30+1 -> 27 | AM30: =AL30+1 -> 28 | AN30: =AM30+1 -> 29 | AO30: =AN30+1 -> 30 | AQ30: =AW21+1 -> 21 | AR30: =AQ30+1 -> 22 | AS30: =AR30+1 -> 23 | AT30: =AS30+1 -> 24 | AU30: =AT30+1 -> 25 | AV30: =AU30+1 -> 26 | AW30: =AV30+1 -> 27 | AY30: =BE21+1 -> 26 | AZ30: =AY30+1 -> 27 | BA30: =AZ30+1 -> 28 | BB30: =BA30+1 -> 29 | BC30: =BB30+1 -> 30 | BD30: =BC30+1 -> 31 | BE30: 1 | BG30: =BM21+1 -> 23 | BH30: =BG30+1 -> 24 | BI30: =BH30+1 -> 25 | BJ30: =BI30+1 -> 26 | BK30: =BJ30+1 -> 27 | BL30: =BK30+1 -> 28 | BM30: =BL30+1 -> 29 | BO30: =BU21+1 -> 20 | BP30: =BO30+1 -> 21 | BQ30: =BP30+1 -> 22 | BR30: =BQ30+1 -> 23 | BS30: =BR30+1 -> 24 | BT30: =BS30+1 -> 25 | BU30: =BT30+1 -> 26 | BW30: =CC21+1 -> 25 | BX30: =BW30+1 -> 26 | BY30: =BX30+1 -> 27 | BZ30: =BY30+1 -> 28 | CA30: =BZ30+1 -> 29 | CB30: =CA30+1 -> 30 | CC30: =CB30+1 -> 31 | CE30: =CK21+1 -> 22 | CF30: =CE30+1 -> 23 | CG30: =CF30+1 -> 24 | CH30: =CG30+1 -> 25 | CI30: =CH30+1 -> 26 | CJ30: =CI30+1 -> 27 | CK30: =CJ30+1 -> 28 | CM30: =CS21+1 -> 20 | CN30: =CM30+1 -> 21 | CO30: =CN30+1 -> 22 | CP30: =CO30+1 -> 23 | CQ30: =CP30+1 -> 24 | CR30: =CQ30+1 -> 25 | CS30: =CR30+1 -> 26
A31: Cynthia (Legal) 1pm-9pm | C31: Emergencies only | D31: Remote/ Available | E31: Remote/ Available | F31: Remote/ Available | G31: Remote/ Available | H31: Remote/ Available | I31: Emergencies only | K31: Emergencies only | L31: Remote/ Available | M31: Remote/ Available | N31: Remote/ Available | O31: Remote/ Available | P31: Remote/ Available | Q31: Emergencies only | S31: Emergencies only | T31: Remote/ Available | U31: Remote/ Available | V31: Remote/ Available | W31: Remote/ Available | X31: Off | Y31: Off | AA31: Emergencies only | AG31: Emergencies only | AI31: Unavailable | AO31: Emergencies only | AQ31: Emergencies only | AW31: Emergencies only | AY31: Emergencies only | BE31: Emergencies only | BG31: Emergencies only | BM31: Emergencies only | BO31: Emergencies only | BU31: Emergencies only | BW31: Emergencies only | CC31: Emergencies only | CE31: Emergencies only | CK31: Emergencies only | CM31: Emergencies only | CS31: Emergencies only
A32: Gladys (CCO) | D32: Remote/ Available | E32: Remote/ Available | F32: Remote/ Available | G32: Remote/ Available | H32: Remote/ Available | T32: Remote/ Available | U32: Remote/ Available | V32: Unavailable | W32: Unavailable | X32: Unavailable | Y32: Unavailable | AB32: Unavailable | AC32: Remote/ Available | AD32: Remote/ Available | AE32: Remote/ Available | AF32: Remote/ Available | AJ32: Remote/ Available | AK32: Remote/ Available | AL32: Remote/ Available | AM32: Remote/ Available | AN32: Remote/ Available
A33: Marc (COO) | C33: If need-Remote | D33: Aetna/Ven | E33: Aetna/Ven | F33: Aetna/Ven | G33: Aetna/Ven | H33: Aetna/Ven | I33: As Needed | K33: As Needed | L33: Aetna/Ven | M33: Aetna/Ven | N33: Aetna/Ven | O33: Aetna/Ven | P33: Aetna/Ven | Q33: As Needed | S33: As Needed | T33: Aetna/Ven | U33: Aetna/Ven | V33: Aetna/Ven | W33: Aetna/Ven | X33: Aetna/Ven | Y33: Aetna/Ven | AA33: As Needed | AB33: Aetna/Ven | AC33: Aetna/Ven | AD33: Venice | AE33: Aetna/Ven | AF33: Out Early | AG33: If need-Remote | AI33: As Needed | AJ33: Aetna/Ven | AK33: Aetna/Ven | AL33: Aetna/Ven | AM33: Aetna/Ven | AN33: Aetna/Ven | AO33: As Needed | AQ33: As Needed | AR33: Aetna/Ven | AS33: Aetna/Ven | AT33: Aetna/Ven | AU33: Aetna/Ven | AV33: Aetna/Ven | AW33: As Needed | AY33: Unavailable | AZ33: Aetna/Ven | BA33: Aetna/Ven | BB33: Aetna/Ven | BC33: Aetna/Ven | BD33: Aetna/Ven | BE33: As Needed | BG33: As Needed | BH33: Aetna/Ven | BI33: OFF GRID- BM | BJ33: OFF GRID- BM | BK33: OFF GRID- BM | BL33: OFF GRID- BM | BM33: OFF GRID- BM | BP33: Aetna/Ven | BQ33: Aetna/Ven | BR33: Aetna/Ven | BS33: Out Early | BT33: Unavailable | BU33: Unavailable
A34: Angie (Schedule Admin) | D34: Remote/ Available | E34: Remote/ Available | F34: Remote/ Available | G34: Remote/ Available | H34: Remote/ Available | I34: Remote/ Available | L34: Remote/ Available | M34: Remote/ Available | N34: Remote/ Available | O34: Remote/ Available | P34: Remote/ Available | Q34: Remote/ Available | T34: Remote/ Available | U34: Remote/ Available | V34: Remote/ Available | W34: Remote/ Available | X34: Remote/ Available | Y34: Remote/ Available | AB34: Remote/ Available | AC34: Remote/ Available | AD34: Remote/ Available | AE34: Remote/ Available | AF34: Remote/ Available | AG34: Remote/ Available | AI34: Off | AJ34: Off | AK34: Off | AL34: Remote/ Available | AM34: Remote/ Available | AN34: Remote/ Available | AO34: Remote/ Available
A35: Christina (Remote Admin)
A36: Dre (Marketing Dir) | C36: Off | D36: Off | E36: Off | F36: Off | G36: Off | H36: Off | I36: Off | K36: Unavailable | L36: Remote/ Available | M36: Remote/ Available | N36: Venice/ Aetna | O36: Venice/ Aetna | P36: Remote/ Available | Q36: If need-Remote | T36: Remote | U36: Aetna/Ven | V36: Aetna/Ven | W36: Aetna/Ven | X36: Remote | AA36: Dog PPL | AB36: Remote | AC36: Remote | AD36: Aetna/Ven | AE36: Aetna/Ven | AF36: Remote | AJ36: Remote | AK36: Remote | AL36: Aetna/Ven | AM36: Aetna/Ven | AN36: Remote
AR37: Off | AS37: Off | AT37: Off | AU37: Off | AV37: Off
C38: SUNDAY | D38: MONDAY | E38: TUESDAY | F38: WEDNESDAY | G38: THURSDAY | H38: FRIDAY | I38: SATURDAY | K38: SUNDAY | L38: MONDAY | M38: TUESDAY | N38: WEDNESDAY | O38: THURSDAY | P38: FRIDAY | Q38: SATURDAY | S38: SUNDAY | T38: MONDAY | U38: TUESDAY | V38: WEDNESDAY | W38: THURSDAY | X38: FRIDAY | Y38: SATURDAY | AA38: SUNDAY | AB38: MONDAY | AC38: TUESDAY | AD38: WEDNESDAY | AE38: THURSDAY | AF38: FRIDAY | AG38: SATURDAY | AI38: SUNDAY | AJ38: MONDAY | AK38: TUESDAY | AL38: WEDNESDAY | AM38: THURSDAY | AN38: FRIDAY | AO38: SATURDAY | AQ38: SUNDAY | AR38: MONDAY | AS38: TUESDAY | AT38: WEDNESDAY | AU38: THURSDAY | AV38: FRIDAY | AW38: SATURDAY | AY38: SUNDAY | AZ38: MONDAY | BA38: TUESDAY | BB38: WEDNESDAY | BC38: THURSDAY | BD38: FRIDAY | BE38: SATURDAY | BG38: SUNDAY | BH38: MONDAY | BI38: TUESDAY | BJ38: WEDNESDAY | BK38: THURSDAY | BL38: FRIDAY | BM38: SATURDAY | BO38: SUNDAY | BP38: MONDAY | BQ38: TUESDAY | BR38: WEDNESDAY | BS38: THURSDAY | BT38: FRIDAY | BU38: SATURDAY | BW38: SUNDAY | BX38: MONDAY | BY38: TUESDAY | BZ38: WEDNESDAY | CA38: THURSDAY | CB38: FRIDAY | CC38: SATURDAY | CE38: SUNDAY | CF38: MONDAY | CG38: TUESDAY | CH38: WEDNESDAY | CI38: THURSDAY | CJ38: FRIDAY | CK38: SATURDAY | CM38: SUNDAY | CN38: MONDAY | CO38: TUESDAY | CP38: WEDNESDAY | CQ38: THURSDAY | CR38: FRIDAY | CS38: SATURDAY
C39: =I30+1 -> 25 | D39: =C39+1 -> 26 | E39: =D39+1 -> 27 | F39: =E39+1 -> 28 | G39: =F39+1 -> 29 | H39: =G39+1 -> 30 | I39: =H39+1 -> 31 | S39: =Y30+1 -> 29 | T39: =S39+1 -> 30 | U39: =T39+1 -> 31 | V39: 1 | W39: 2 | X39: 3 | Y39: 4 | AQ39: =AW30+1 -> 28 | AR39: =AQ39+1 -> 29 | AS39: =AR39+1 -> 30 | AT39: 1 | AU39: 2 | AV39: 3 | AW39: 4 | BO39: =BU30+1 -> 27 | BP39: =BO39+1 -> 28 | BQ39: =BP39+1 -> 29 | BR39: =BQ39+1 -> 30 | BS39: 1 | BT39: 2 | BU39: 3 | CM39: =CS30+1 -> 27 | CN39: =CM39+1 -> 28 | CO39: =CN39+1 -> 29 | CP39: =CO39+1 -> 30 | CQ39: =CP39+1 -> 31 | CR39: 1 | CS39: 2
A40: Cynthia (Legal) 1pm-9pm | C40: Emergencies only | D40: Remote/ Available | E40: Remote/ Available | F40: Remote/ Available | G40: Remote/ Available | H40: Remote/ Available | I40: Emergencies only | S40: Off | T40: Off | U40: Off | V40: Off | W40: Off | X40: Off | Y40: Off | AQ40: Emergencies only | AW40: Emergencies only | BO40: Emergencies only | BU40: Emergencies only | CM40: Emergencies only | CS40: Emergencies only
A41: Gladys (CCO) | D41: Remote/ Available | E41: Remote/ Available | F41: Remote/ Available | G41: Remote/ Available | H41: Remote/ Available | S41: Unavailable | T41: Unavailable | U41: Unavailable | V41: Unavailable | W41: Unavailable | X41: Unavailable | Y41: Unavailable
A42: Marc (COO) | C42: As Needed | D42: Aetna/Ven | E42: Aetna/Ven | F42: Aetna/Ven | G42: Aetna/Ven | H42: Aetna/Ven | I42: As Needed | S42: As Needed | T42: Aetna/Ven | U42: Aetna/Ven | V42: Aetna/Ven | W42: Aetna/Ven | X42: Aetna/Ven | Y42: Remote/ Available | AQ42: Unavailable | AR42: Aetna/Ven | AS42: Aetna/Ven | AT42: Aetna/Ven | AU42: Aetna/Ven | AV42: Aetna/Ven | AW42: As Needed | BO42: Unavailable | BP42: Unavailable | BQ42: Aetna/Ven | BR42: Aetna/Ven | BS42: Aetna/Ven | BT42: Aetna/Ven
A43: Angie (Schedule Admin) | D43: Remote/ Available | E43: Remote/ Available | F43: Remote/ Available | G43: Remote/ Available | H43: Remote/ Available | I43: Remote/ Available | T43: Remote/ Available | U43: Remote/ Available | V43: Remote/ Available | W43: Remote/ Available | X43: Remote/ Available | Y43: Remote/ Available
A44: Christina (Remote Admin)
A45: Dre (Marketing Dir) | C45: Off | D45: Remote/ Available | E45: Remote/ Available | F45: Venice | G45: Venice | H45: Remote/ Available | I45: Remote/ Available | S45: As Needed | T45: Remote | U45: Aetna/Ven | V45: Aetna/Ven | W45: Aetna/Ven | X45: Remote

Sheet January
B1: * | M1: JANUARY
B3: WEEK 1 | C3: PUB | D3: SUNDAY | F3: MONDAY | M3: TUESDAY | T3: WEDNESDAY | AA3: THURSDAY | AH3: FRIDAY | AO3: SATURDAY
D4: 4 | F4: 5 | M4: 6 | T4: 7 | AA4: 8 | AH4: 9 | AO4: 10 | AW4: Shift Counter | BC4: Total
B5: Role | C5: Shift | F5: SO | H5: VENICE | J5: AETNA | M5: SO | O5: VENICE | Q5: AETNA | T5: SO | V5: VENICE | X5: AETNA | AA5: SO | AC5: VENICE | AE5: AETNA | AH5: SO | AJ5: VENICE | AL5: AETNA | AO5: SO | AQ5: VENICE | AS5: AETNA | AW5: Employee | AX5: Wk1 | AY5: Wk2 | AZ5: Wk3 | BA5: Wk4 | BB5: Wk5 | BC5: Hrs
B6: MEETING | F6: Closed | H6: Lunch: 2:30p-3:15p | J6: Lunch: 2:30p-3:15p | M6: Closed | AA6: Closed | AO6: Closed | AW6: =TEAM!B6 -> #REF! | AX6: =countif($D$14:$AS$84, AW6) -> 49 | AY6: =countif(D$99:AS$170, AW6) -> 52 | AZ6: =countif(D$185:AS$256, AW6) -> 45 | BA6: =countif(D$271:AS$342, AW6) -> 43 | BB6: =countif(A$357:AS$424, AW6) -> 0 | BC6: =sum(AX6:BB6)*8 -> 1512
B7: VE Note | H7: 11:30a - 6:30p | J7: 11:30a - 6:30p | O7: Heavy NAD day/ 3/hr | Q7: 3/hr | T7: 2-3/hr | V7: Heavy VE day/ 2/hr | X7: 3/hr | AC7: Heavy NAD day/ 3/hr | AE7: 3/hr | AH7: 2-3/hr | AJ7: Heavy VE day/ 2/hr | AL7: 3/hr | AQ7: Heavy NAD day/ 3/hr | AS7: 3/hr | AU7: =counta(F7:AT7)*20 -> 280 | AW7: =TEAM!B7 -> #REF! | AX7: =countif($D$14:$AS$84, AW7) -> 49 | AY7: =countif(D$99:AS$170, AW7) -> 52 | AZ7: =countif(D$185:AS$256, AW7) -> 45 | BA7: =countif(D$271:AS$342, AW7) -> 43 | BB7: =countif(A$357:AS$424, AW7) -> 0 | BC7: =sum(AX7:BB7)*8 -> 1512
B8: AP Note | H8: 0 | J8: 3 | O8: 4 | Q8: 4 | T8: 0 | V8: 4 | X8: 4 | AC8: 2 | AE8: 5 | AH8: 0 | AJ8: 4 | AL8: 4 | AQ8: 3 | AS8: 3 | AU8: =sum(F8:AK8) -> 30 | AW8: =TEAM!B8 -> #REF! | AX8: =countif($D$14:$AS$84, AW8) -> 49 | AY8: =countif(D$99:AS$170, AW8) -> 52 | AZ8: =countif(D$185:AS$256, AW8) -> 45 | BA8: =countif(D$271:AS$342, AW8) -> 43 | BB8: =countif(A$357:AS$424, AW8) -> 0 | BC8: =sum(AX8:BB8)*8 -> 1512
B9: IM Notes | H9: 5 ex. 2 Pro | V9: 5 ex. 2 Pro | AU9: =countA(F9:AJ9)*5 -> 10 | AW9: =TEAM!B9 -> #REF! | AX9: =countif($D$14:$AS$84, AW9) -> 49 | AY9: =countif(D$99:AS$170, AW9) -> 52 | AZ9: =countif(D$185:AS$256, AW9) -> 45 | BA9: =countif(D$271:AS$342, AW9) -> 43 | BB9: =countif(A$357:AS$424, AW9) -> 0 | BC9: =sum(AX9:BB9)*8 -> 1512
B10: UC Notes | AU10: =countA(F10:AK10)*12 -> 0 | AW10: =TEAM!B10 -> #REF! | AX10: =countif($D$14:$AS$84, AW10) -> 49 | AY10: =countif(D$99:AS$170, AW10) -> 52 | AZ10: =countif(D$185:AS$256, AW10) -> 45 | BA10: =countif(D$271:AS$342, AW10) -> 43 | BB10: =countif(A$357:AS$424, AW10) -> 0 | BC10: =sum(AX10:BB10)*8 -> 1512
B11: Surgery/Cardio/ Exotics | O11: Cardio/ SX | X11: Cardio | AE11: Cardio / SX/ EX | AU11: =counta(F11:AT11)*4 -> 12 | AW11: =TEAM!B11 -> #REF! | AX11: =countif($D$14:$AS$84, AW11) -> 49 | AY11: =countif(D$99:AS$170, AW11) -> 52 | AZ11: =countif(D$185:AS$256, AW11) -> 45 | BA11: =countif(D$271:AS$342, AW11) -> 43 | BB11: =countif(A$357:AS$424, AW11) -> 0 | BC11: =sum(AX11:BB11)*8 -> 1512
B12: MPMV | AU12: =sum(F12:AT12) -> 0 | AW12: =TEAM!B12 -> #REF! | AX12: =countif($D$14:$AS$84, AW12) -> 49 | AY12: =countif(D$99:AS$170, AW12) -> 52 | AZ12: =countif(D$185:AS$256, AW12) -> 45 | BA12: =countif(D$271:AS$342, AW12) -> 43 | BB12: =countif(A$357:AS$424, AW12) -> 0 | BC12: =sum(AX12:BB12)*8 -> 1512
B13: Role | C13: Shift | AW13: =TEAM!B13 -> #REF! | AX13: =countif($D$14:$AS$84, AW13) -> 49 | AY13: =countif(D$99:AS$170, AW13) -> 52 | AZ13: =countif(D$185:AS$256, AW13) -> 45 | BA13: =countif(D$271:AS$342, AW13) -> 43 | BB13: =countif(A$357:AS$424, AW13) -> 0 | BC13: =sum(AX13:BB13)*8 -> 1512
B14: Manager | C14: 10-6:30 | J14: Marc Mercury | O14: Marc Mercury | X14: Bianca Alfonso | AE14: Dr. Garcia | AL14: Marc Mercury | AT14: =IF(COUNTIF($AO$85:$AT$87, #REF!) > 0, "X", "") | AW14: =TEAM!B14 -> #REF! | AX14: =countif($D$14:$AS$84, AW14) -> 49 | AY14: =countif(D$99:AS$170, AW14) -> 52 | AZ14: =countif(D$185:AS$256, AW14) -> 45 | BA14: =countif(D$271:AS$342, AW14) -> 43 | BB14: =countif(A$357:AS$424, AW14) -> 0 | BC14: =sum(AX14:BB14)*8 -> 1512
B15: Manager | C15: 10-6:30 | D15: HOLIDAY | O15: Dr. Garcia | X15: Dr. Garcia | AE15: Bianca Alfonso | AT15: =IF(COUNTIF($AO$85:$AT$87, AS20) > 0, "X", "") | AW15: =TEAM!B15 -> #REF! | AX15: =countif($D$14:$AS$84, AW15) -> 49 | AY15: =countif(D$99:AS$170, AW15) -> 52 | AZ15: =countif(D$185:AS$256, AW15) -> 45 | BA15: =countif(D$271:AS$342, AW15) -> 43 | BB15: =countif(A$357:AS$424, AW15) -> 0 | BC15: =sum(AX15:BB15)*8 -> 1512
B16: In House Admin | C16: 10-6:30 | D16: PARTY | O16: Deija Lighon | X16: Marc Mercury | AC16: Brandon Orange | AL16: Bianca Alfonso | AT16: =IF(COUNTIF($AO$85:$AT$87, #REF!) > 0, "X", "") | AW16: =TEAM!B16 -> #REF! | AX16: =countif($D$14:$AS$84, AW16) -> 49 | AY16: =countif(D$99:AS$170, AW16) -> 52 | AZ16: =countif(D$185:AS$256, AW16) -> 45 | BA16: =countif(D$271:AS$342, AW16) -> 43 | BB16: =countif(A$357:AS$424, AW16) -> 0 | BC16: =sum(AX16:BB16)*8 -> 1512
B17: Inventory | C17: 9:30-6 (8) | J17: Ana Livia | O17: Bianca Alfonso | X17: Ana Livia | AE17: Ana Livia | AJ17: Ana Livia | AT17: =IF(COUNTIF($AO$85:$AT$87, AS17) > 0, "X", "") | AW17: =TEAM!B17 -> #REF! | AX17: =countif($D$14:$AS$84, AW17) -> 49 | AY17: =countif(D$99:AS$170, AW17) -> 52 | AZ17: =countif(D$185:AS$256, AW17) -> 45 | BA17: =countif(D$271:AS$342, AW17) -> 43 | BB17: =countif(A$357:AS$424, AW17) -> 0 | BC17: =sum(AX17:BB17)*8 -> 1512
B18: Office Admin | C18: 9-5:30 // 8-5:30 | J18: Esmeralda Alfonso | Q18: Esmeralda Alfonso | T18: Esmeralda Alfonso | AC18: Jennifer Velasquez | AE18: Esmeralda Alfonso | AH18: Esmeralda Alfonso | AT18: =IF(COUNTIF($AO$85:$AT$87, AS18) > 0, "X", "") | AW18: =TEAM!B18 -> #REF! | AX18: =countif($D$14:$AS$84, AW18) -> 49 | AY18: =countif(D$99:AS$170, AW18) -> 52 | AZ18: =countif(D$185:AS$256, AW18) -> 45 | BA18: =countif(D$271:AS$342, AW18) -> 43 | BB18: =countif(A$357:AS$424, AW18) -> 0 | BC18: =sum(AX18:BB18)*8 -> 1512
B19: VET-SURGERY | C19: 9-6:30 (9) | H19: Dr. Faro | O19: Dr. Faro | AE19: Dr. Faro | AT19: =IF(COUNTIF($AO$85:$AT$87, AS19) > 0, "X", "") | AW19: =TEAM!B19 -> #REF! | AX19: =countif($D$14:$AS$84, AW19) -> 49 | AY19: =countif(D$99:AS$170, AW19) -> 52 | AZ19: =countif(D$185:AS$256, AW19) -> 45 | BA19: =countif(D$271:AS$342, AW19) -> 43 | BB19: =countif(A$357:AS$424, AW19) -> 0 | BC19: =sum(AX19:BB19)*8 -> 1512
B20: Intern | C20: 9-6:30 (9) | AT20: =IF(COUNTIF($AO$85:$AT$87, #REF!) > 0, "X", "") | AW20: =TEAM!B20 -> #REF! | AX20: =countif($D$14:$AS$84, AW20) -> 49 | AY20: =countif(D$99:AS$170, AW20) -> 52 | AZ20: =countif(D$185:AS$256, AW20) -> 45 | BA20: =countif(D$271:AS$342, AW20) -> 43 | BB20: =countif(A$357:AS$424, AW20) -> 0 | BC20: =sum(AX20:BB20)*8 -> 1512
B21: Exrtern/Student | C21: 9-5:30 (8) | AT21: =IF(COUNTIF($AO$85:$AT$87, #REF!) > 0, "X", "") | AW21: =#REF! -> #REF! | AX21: =countif($D$14:$AS$84, AW21) -> 49 | AY21: =countif(D$99:AS$170, AW21) -> 52 | AZ21: =countif(D$185:AS$256, AW21) -> 45 | BA21: =countif(D$271:AS$342, AW21) -> 43 | BB21: =countif(A$357:AS$424, AW21) -> 0 | BC21: =sum(AX21:BB21)*8 -> 1512
B22: Surgery Lead | C22: 8:30-5 (8) | O22: Jessica Salazar | AE22: Ervin Tenorio | AT22: =IF(COUNTIF($AO$85:$AT$87, AS22) > 0, "X", "") | AW22: =TEAM!B94 -> #REF! | AX22: =countif($D$14:$AS$84, AW22) -> 49 | AY22: =countif(D$99:AS$170, AW22) -> 52 | AZ22: =countif(D$185:AS$256, AW22) -> 45 | BA22: =countif(D$271:AS$342, AW22) -> 43 | BB22: =countif(A$357:AS$424, AW22) -> 0 | BC22: =sum(AX22:BB22)*8 -> 1512
B23: Surgery Tech 1 | C23: 9-5:30 (8) | H23: Raquel Velez | O23: Raquel Velez | AE23: Jessica Salazar | AT23: =IF(COUNTIF($AO$85:$AT$87, AS23) > 0, "X", "") | AW23: =TEAM!B22 -> #REF! | AX23: =countif($D$14:$AS$84, AW23) -> 49 | AY23: =countif(D$99:AS$170, AW23) -> 52 | AZ23: =countif(D$185:AS$256, AW23) -> 45 | BA23: =countif(D$271:AS$342, AW23) -> 43 | BB23: =countif(A$357:AS$424, AW23) -> 0 | BC23: =sum(AX23:BB23)*8 -> 1512
B24: Surgery Tech 2 | C24: 9-5:30 (8) | AJ24: Dr. Claudia Lau1 | AT24: =IF(COUNTIF($AO$85:$AT$87, #REF!) > 0, "X", "") | AW24: =TEAM!B23 -> #REF! | AX24: =countif($D$14:$AS$84, AW24) -> 49 | AY24: =countif(D$99:AS$170, AW24) -> 52 | AZ24: =countif(D$185:AS$256, AW24) -> 45 | BA24: =countif(D$271:AS$342, AW24) -> 43 | BB24: =countif(A$357:AS$424, AW24) -> 0 | BC24: =sum(AX24:BB24)*8 -> 1512
B25: VET-AP | C25: 9-6:30 (9) | J25: Dr. Rally | O25: Dr. Ella Scott | Q25: Dr. Rally | V25: Dr. Ella Scott | X25: Dr. Faro | AC25: Dr. Ella Scott | AE25: Dr. Claudia Lau | AJ25: Dr. Faro | AL25: Dr. Sherry Vartanian | AQ25: Dr. Claudia Lau | AS25: Dr. Sherry Vartanian | AT25: =IF(COUNTIF($AO$85:$AT$87, #REF!) > 0, "X", "") | AW25: =TEAM!B24 -> #REF! | AX25: =countif($D$14:$AS$84, AW25) -> 49 | AY25: =countif(D$99:AS$170, AW25) -> 52 | AZ25: =countif(D$185:AS$256, AW25) -> 45 | BA25: =countif(D$271:AS$342, AW25) -> 43 | BB25: =countif(A$357:AS$424, AW25) -> 0 | BC25: =sum(AX25:BB25)*8 -> 1512
B26: Intern | C26: 9-6:30 (9) | AT26: =IF(COUNTIF($AO$85:$AT$87, #REF!) > 0, "X", "") | AW26: =TEAM!B25 -> #REF! | AX26: =countif($D$14:$AS$84, AW26) -> 49 | AY26: =countif(D$99:AS$170, AW26) -> 52 | AZ26: =countif(D$185:AS$256, AW26) -> 45 | BA26: =countif(D$271:AS$342, AW26) -> 43 | BB26: =countif(A$357:AS$424, AW26) -> 0 | BC26: =sum(AX26:BB26)*8 -> 1512
B27: Exrtern/Student | C27: 9-5:30 (8) | V27: Claire Stewart | AE27: Claire Stewart | AL27: Claire Stewart | AT27: =IF(COUNTIF($AO$85:$AT$87, AS27) > 0, "X", "") | AW27: =TEAM!B26 -> #REF! | AX27: =countif($D$14:$AS$84, AW27) -> 49 | AY27: =countif(D$99:AS$170, AW27) -> 52 | AZ27: =countif(D$185:AS$256, AW27) -> 45 | BA27: =countif(D$271:AS$342, AW27) -> 43 | BB27: =countif(A$357:AS$424, AW27) -> 0 | BC27: =sum(AX27:BB27)*8 -> 1512
B28: AP Lead | C28: 10-6:30 (8) | O28: Laura Lucia1 | X28: Deija Lighon | AE28: Deija Lighon | AT28: =IF(COUNTIF($AO$85:$AT$87, #REF!) > 0, "X", "") | AW28: =TEAM!B27 -> #REF! | AX28: =countif($D$14:$AS$84, AW28) -> 49 | AY28: =countif(D$99:AS$170, AW28) -> 52 | AZ28: =countif(D$185:AS$256, AW28) -> 45 | BA28: =countif(D$271:AS$342, AW28) -> 43 | BB28: =countif(A$357:AS$424, AW28) -> 0 | BC28: =sum(AX28:BB28)*8 -> 1512
B29: AP Tech | C29: 8:30-5 (8) | J29: Ervin Tenorio | O29: Miguel Antonio | Q29: Lizbeth Martinez | V29: Raquel Velez | X29: Carmen Chan | AC29: Miguel Antonio | AE29: Lizbeth Martinez | AJ29: Alysia Sanford | AL29: Jessica Salazar | AQ29: Alysia Sanford | AS29: Jessica Salazar1 | AT29: =IF(COUNTIF($AO$85:$AT$87, #REF!) > 0, "X", "") | AW29: =TEAM!B28 -> #REF! | AX29: =countif($D$14:$AS$84, AW29) -> 49 | AY29: =countif(D$99:AS$170, AW29) -> 52 | AZ29: =countif(D$185:AS$256, AW29) -> 45 | BA29: =countif(D$271:AS$342, AW29) -> 43 | BB29: =countif(A$357:AS$424, AW29) -> 0 | BC29: =sum(AX29:BB29)*8 -> 1512
B30: AP Tech | C30: 9-5:30 (8) | J30: Carmen Chan | Q30: Ervin Tenorio | V30: Miguel Antonio | X30: Markie Perez | AC30: Saul Garcia | AE30: Markie Perez | AJ30: Deija Lighon | AL30: Markie Perez | AQ30: Raquel Velez | AS30: Diana Monterde | AT30: =IF(COUNTIF($AO$85:$AT$87, AH37) > 0, "X", "") | AW30: =TEAM!B29 -> #REF! | AX30: =countif($D$14:$AS$84, AW30) -> 49 | AY30: =countif(D$99:AS$170, AW30) -> 52 | AZ30: =countif(D$185:AS$256, AW30) -> 45 | BA30: =countif(D$271:AS$342, AW30) -> 43 | BB30: =countif(A$357:AS$424, AW30) -> 0 | BC30: =sum(AX30:BB30)*8 -> 1512
B31: AP Tech | C31: 10-6:30 (8) | J31: Markie Perez | O31: Saul Garcia | X31: Diana Monterde | AJ31: Saul Garcia | AQ31: Saul Garcia | AS31: Lizbeth Martinez | AT31: =IF(COUNTIF($AO$85:$AT$87, #REF!) > 0, "X", "") | AW31: =TEAM!B30 -> #REF! | AX31: =countif($D$14:$AS$84, AW31) -> 49 | AY31: =countif(D$99:AS$170, AW31) -> 52 | AZ31: =countif(D$185:AS$256, AW31) -> 45 | BA31: =countif(D$271:AS$342, AW31) -> 43 | BB31: =countif(A$357:AS$424, AW31) -> 0 | BC31: =sum(AX31:BB31)*8 -> 1512
B32: AP Tech | C32: 9:30-6 (8) | O32: Carmen Chan | Q32: Markie Perez | V32: Saul Garcia | X32: Lizbeth Martinez | AE32: Diana Monterde | AJ32: Miguel Antonio | AL32: Diana Monterde | AQ32: Miguel Antonio | AS32: Deija Lighon | AT32: =IF(COUNTIF($AO$85:$AT$87, #REF!) > 0, "X", "") | AW32: =TEAM!B31 -> #REF! | AX32: =countif($D$14:$AS$84, AW32) -> 49 | AY32: =countif(D$99:AS$170, AW32) -> 52 | AZ32: =countif(D$185:AS$256, AW32) -> 45 | BA32: =countif(D$271:AS$342, AW32) -> 43 | BB32: =countif(A$357:AS$424, AW32) -> 0 | BC32: =sum(AX32:BB32)*8 -> 1512
B33: Remote AP Tech | C33: 9-5:30 (8) | J33: Angela Fraga | O33: Angela Fraga | T33: Angela Fraga | AC33: Angela Fraga | AH33: Angela Fraga | AJ33: Ervin Tenorio1 | AQ33: Angela Fraga | AT33: =IF(COUNTIF($AO$85:$AT$87, #REF!) > 0, "X", "") | AW33: =TEAM!B32 -> #REF! | AX33: =countif($D$14:$AS$84, AW33) -> 49 | AY33: =countif(D$99:AS$170, AW33) -> 52 | AZ33: =countif(D$185:AS$256, AW33) -> 45 | BA33: =countif(D$271:AS$342, AW33) -> 43 | BB33: =countif(A$357:AS$424, AW33) -> 0 | BC33: =sum(AX33:BB33)*8 -> 1512
B34: VET-NAD | C34: 9-6:30 (9) | H34: Dr. Claudia Lau | J34: Dr. Hoh | O34: Dr. Geist | Q34: Dr. Niko Alzate | T34: Dr. Rally | V34: Dr. Niko Alzate | X34: Dr. Geist1 | AC34: Dr. Geist | AE34: Dr. Niko Alzate | AH34: Dr. Niko Alzate | AJ34: Dr. Geist | AL34: Dr. Ella Scott | AQ34: Dr. Ella Scott | AS34: Dr. Niko Alzate | AT34: =IF(COUNTIF($AO$85:$AT$87, #REF!) > 0, "X", "") | AW34: =TEAM!B33 -> #REF! | AX34: =countif($D$14:$AS$84, AW34) -> 49 | AY34: =countif(D$99:AS$170, AW34) -> 52 | AZ34: =countif(D$185:AS$256, AW34) -> 45 | BA34: =countif(D$271:AS$342, AW34) -> 43 | BB34: =countif(A$357:AS$424, AW34) -> 0 | BC34: =sum(AX34:BB34)*8 -> 1512
B35: Intern | C35: 9-6:30 (9) | O35: Alexei Marquez | X35: Alexei Marquez | AQ35: Alexei Marquez | AT35: =IF(COUNTIF($AO$85:$AT$87, #REF!) > 0, "X", "") | AW35: =TEAM!B34 -> #REF! | AX35: =countif($D$14:$AS$84, AW35) -> 49 | AY35: =countif(D$99:AS$170, AW35) -> 52 | AZ35: =countif(D$185:AS$256, AW35) -> 45 | BA35: =countif(D$271:AS$342, AW35) -> 43 | BB35: =countif(A$357:AS$424, AW35) -> 0 | BC35: =sum(AX35:BB35)*8 -> 1512
B36: Exrtern/Student | C36: 9-5:30 (8) | H36: Claire Stewart | O36: Claire Stewart | Q36: Grant Roberts | X36: Grant Roberts | AC36: Andres Muñoz | AH36: Grant Roberts | AJ36: Andres Muñoz | AS36: Grant Roberts | AT36: =IF(COUNTIF($AO$85:$AT$87, AS36) > 0, "X", "") | AW36: =TEAM!B35 -> #REF! | AX36: =countif($D$14:$AS$84, AW36) -> 49 | AY36: =countif(D$99:AS$170, AW36) -> 52 | AZ36: =countif(D$185:AS$256, AW36) -> 45 | BA36: =countif(D$271:AS$342, AW36) -> 43 | BB36: =countif(A$357:AS$424, AW36) -> 0 | BC36: =sum(AX36:BB36)*8 -> 1512
B37: DA - NAD | C37: 9-6:30 | H37: Crystal Barrom1 | J37: Bianca Alfonso | O37: Crystal Barrom | Q37: Jessica Lucra | T37: Batia Blank | V37: Crystal Barrom | X37: Rachel Banyasz | AC37: Crystal Barrom | AE37: Rachel Banyasz | AH37: Batia Blank | AJ37: Crystal Barrom | AL37: Rachel Banyasz | AQ37: Rachel Banyasz | AS37: Jessica Lucra | AT37: =IF(COUNTIF($AO$85:$AT$87, #REF!) > 0, "X", "") | AW37: =TEAM!B36 -> #REF! | AX37: =countif($D$14:$AS$84, AW37) -> 49 | AY37: =countif(D$99:AS$170, AW37) -> 52 | AZ37: =countif(D$185:AS$256, AW37) -> 45 | BA37: =countif(D$271:AS$342, AW37) -> 43 | BB37: =countif(A$357:AS$424, AW37) -> 0 | BC37: =sum(AX37:BB37)*8 -> 1512
B38: DA - TRAINING | C38: 9-6:30 | J38: Batia Blank1 | AT38: =IF(COUNTIF($AO$85:$AT$87, #REF!) > 0, "X", "") | AW38: =TEAM!B37 -> #REF! | AX38: =countif($D$14:$AS$84, AW38) -> 49 | AY38: =countif(D$99:AS$170, AW38) -> 52 | AZ38: =countif(D$185:AS$256, AW38) -> 45 | BA38: =countif(D$271:AS$342, AW38) -> 43 | BB38: =countif(A$357:AS$424, AW38) -> 0 | BC38: =sum(AX38:BB38)*8 -> 1512
B39: Clinic Tech | C39: 8:30-5 (8) | H39: Karen Cuestas | J39: Ken Padilla | O39: Karen Cuestas | Q39: Batia Blank | T39: Adriana Gutierrez | V39: Karen Cuestas | X39: Laura Lucia | AC39: Karen Cuestas | AE39: Jessica Lucra | AH39: Adriana Gutierrez | AJ39: Laura Lucia | AL39: Lizbeth Martinez | AQ39: Laura Lucia | AS39: Karen Cuestas | AT39: =IF(COUNTIF($AO$85:$AT$87, AS38) > 0, "X", "") | AW39: =TEAM!B38 -> #REF! | AX39: =countif($D$14:$AS$84, AW39) -> 49 | AY39: =countif(D$99:AS$170, AW39) -> 52 | AZ39: =countif(D$185:AS$256, AW39) -> 45 | BA39: =countif(D$271:AS$342, AW39) -> 43 | BB39: =countif(A$357:AS$424, AW39) -> 0 | BC39: =sum(AX39:BB39)*8 -> 1512
B40: Clinic Tech | C40: 9-5:30 (8) | J40: Jessica Salazar | O40: Arron Bryant | V40: Ken Padilla1 | AC40: Alexei Marquez | AJ40: Brandon Orange | AL40: Jessica Lucra | AS40: Ken Padilla | AT40: =IF(COUNTIF($AO$85:$AT$87, #REF!) > 0, "X", "") | AW40: =TEAM!B41 -> #REF! | AX40: =countif($D$14:$AS$84, AW40) -> 49 | AY40: =countif(D$99:AS$170, AW40) -> 52 | AZ40: =countif(D$185:AS$256, AW40) -> 45 | BA40: =countif(D$271:AS$342, AW40) -> 43 | BB40: =countif(A$357:AS$424, AW40) -> 0 | BC40: =sum(AX40:BB40)*8 -> 1512
B41: Clinic Tech | C41: 10-6:30 (8) | H41: Brandon Orange | J41: Nick Bermudez | O41: Brandon Orange | Q41: Nick Bermudez | T41: Jessica Lucra | X41: Ervin Tenorio | AE41: Laura Lucia | AH41: Nauman Ali | AJ41: Alexei Marquez | AQ41: Arron Bryant | AT41: =IF(COUNTIF($AO$85:$AT$87, #REF!) > 0, "X", "") | AW41: =TEAM!B42 -> #REF! | AX41: =countif($D$14:$AS$84, AW41) -> 49 | AY41: =countif(D$99:AS$170, AW41) -> 52 | AZ41: =countif(D$185:AS$256, AW41) -> 45 | BA41: =countif(D$271:AS$342, AW41) -> 43 | BB41: =countif(A$357:AS$424, AW41) -> 0 | BC41: =sum(AX41:BB41)*8 -> 1512
B42: Float/ Lead | C42: 10-6:30 (8) | V42: Brandon Orange | AC42: Alysia Sanford | AL42: Catherine Ramirez | AT42: =IF(COUNTIF($AO$85:$AT$87, #REF!) > 0, "X", "") | AW42: =TEAM!B43 -> #REF! | AX42: =countif($D$14:$AS$84, AW42) -> 49 | AY42: =countif(D$99:AS$170, AW42) -> 52 | AZ42: =countif(D$185:AS$256, AW42) -> 45 | BA42: =countif(D$271:AS$342, AW42) -> 43 | BB42: =countif(A$357:AS$424, AW42) -> 0 | BC42: =sum(AX42:BB42)*8 -> 1512
B43: Dentals | C43: 9-5:30 (8) | H43: Ethan Young | J43: Nauman Ali | O43: Joseph Reyes | Q43: Vero Rios | T43: Vero Rios | V43: Joseph Reyes | X43: Nick Bermudez | AC43: Arron Bryant | AE43: Fidel Fraga | AH43: Vero Rios | AJ43: Joseph Reyes | AL43: Nick Bermudez | AQ43: Joseph Reyes | AS43: Vero Rios | AT43: =IF(COUNTIF($AO$85:$AT$87, #REF!) > 0, "X", "") | AW43: =TEAM!B44 -> #REF! | AX43: =countif($D$14:$AS$84, AW43) -> 49 | AY43: =countif(D$99:AS$170, AW43) -> 52 | AZ43: =countif(D$185:AS$256, AW43) -> 45 | BA43: =countif(D$271:AS$342, AW43) -> 43 | BB43: =countif(A$357:AS$424, AW43) -> 0 | BC43: =sum(AX43:BB43)*8 -> 1512
B44: Dentals | C44: 9:30-6 (8) | H44: Arron Bryant | J44: Fidel Fraga | O44: Ethan Young | Q44: Nauman Ali | T44: Nauman Ali | V44: Ethan Young | X44: Fidel Fraga | AC44: Joseph Reyes | AE44: Vero Rios | AH44: Fidel Fraga | AJ44: Arron Bryant | AL44: Ethan Young | AQ44: Ethan Young | AS44: Nauman Ali | AT44: =IF(COUNTIF($AO$85:$AT$87, #REF!) > 0, "X", "") | AW44: =TEAM!B45 -> #REF! | AX44: =countif($D$14:$AS$84, AW44) -> 49 | AY44: =countif(D$99:AS$170, AW44) -> 52 | AZ44: =countif(D$185:AS$256, AW44) -> 45 | BA44: =countif(D$271:AS$342, AW44) -> 43 | BB44: =countif(A$357:AS$424, AW44) -> 0 | BC44: =sum(AX44:BB44)*8 -> 1512
B45: Dentals (trainee) | C45: 9:30-6 (8) | Q45: Fidel Fraga1 | AT45: =IF(COUNTIF($AO$85:$AT$87, AS43) > 0, "X", "") | AW45: =TEAM!B46 -> #REF! | AX45: =countif($D$14:$AS$84, AW45) -> 49 | AY45: =countif(D$99:AS$170, AW45) -> 52 | AZ45: =countif(D$185:AS$256, AW45) -> 45 | BA45: =countif(D$271:AS$342, AW45) -> 43 | BB45: =countif(A$357:AS$424, AW45) -> 0 | BC45: =sum(AX45:BB45)*8 -> 1512
B46: VET-IM | C46: 9-6:30 (9) | H46: Dr. Geist | O46: Dr. Geist1 | X46: Dr. Geist | AT46: =IF(COUNTIF($AO$85:$AT$87, #REF!) > 0, "X", "") | AW46: =TEAM!B47 -> #REF! | AX46: =countif($D$14:$AS$84, AW46) -> 49 | AY46: =countif(D$99:AS$170, AW46) -> 52 | AZ46: =countif(D$185:AS$256, AW46) -> 45 | BA46: =countif(D$271:AS$342, AW46) -> 43 | BB46: =countif(A$357:AS$424, AW46) -> 0 | BC46: =sum(AX46:BB46)*8 -> 1512
B47: Intern | C47: 9-6:30 (9) | AT47: =IF(COUNTIF($AO$85:$AT$87, AS47) > 0, "X", "") | AW47: =TEAM!B48 -> #REF! | AX47: =countif($D$14:$AS$84, AW47) -> 49 | AY47: =countif(D$99:AS$170, AW47) -> 52 | AZ47: =countif(D$185:AS$256, AW47) -> 45 | BA47: =countif(D$271:AS$342, AW47) -> 43 | BB47: =countif(A$357:AS$424, AW47) -> 0 | BC47: =sum(AX47:BB47)*8 -> 1512
B48: Exrtern/Student | C48: 9-5:30 (8) | H48: Andres Muñoz | O48: Andres Muñoz | X48: Andres Muñoz | AT48: =IF(COUNTIF($AO$85:$AT$87, AS48) > 0, "X", "") | AW48: =TEAM!B49 -> #REF! | AX48: =countif($D$14:$AS$84, AW48) -> 49 | AY48: =countif(D$99:AS$170, AW48) -> 52 | AZ48: =countif(D$185:AS$256, AW48) -> 45 | BA48: =countif(D$271:AS$342, AW48) -> 43 | BB48: =countif(A$357:AS$424, AW48) -> 0 | BC48: =sum(AX48:BB48)*8 -> 1512
B49: IM Tech/DA | C49: 9-5:30 (8) | H49: Alexei Marquez | O49: Alysia Sanford | X49: Alysia Sanford | AT49: =IF(COUNTIF($AO$85:$AT$87, AS49) > 0, "X", "") | AW49: =TEAM!B50 -> #REF! | AX49: =countif($D$14:$AS$84, AW49) -> 49 | AY49: =countif(D$99:AS$170, AW49) -> 52 | AZ49: =countif(D$185:AS$256, AW49) -> 45 | BA49: =countif(D$271:AS$342, AW49) -> 43 | BB49: =countif(A$357:AS$424, AW49) -> 0 | BC49: =sum(AX49:BB49)*8 -> 1512
B50: IM Tech | C50: 9-5:30 (8) | AJ50: _ | AL50: _ | AT50: =IF(COUNTIF($AO$85:$AT$87, AS50) > 0, "X", "") | AW50: =TEAM!B51 -> #REF! | AX50: =countif($D$14:$AS$84, AW50) -> 49 | AY50: =countif(D$99:AS$170, AW50) -> 52 | AZ50: =countif(D$185:AS$256, AW50) -> 45 | BA50: =countif(D$271:AS$342, AW50) -> 43 | BB50: =countif(A$357:AS$424, AW50) -> 0 | BC50: =sum(AX50:BB50)*8 -> 1512
B51: IM Tech | C51: 9:30-6 (8) | AT51: =IF(COUNTIF($AO$85:$AT$87, AS51) > 0, "X", "") | AW51: =TEAM!B52 -> #REF! | AX51: =countif($D$14:$AS$84, AW51) -> 49 | AY51: =countif(D$99:AS$170, AW51) -> 52 | AZ51: =countif(D$185:AS$256, AW51) -> 45 | BA51: =countif(D$271:AS$342, AW51) -> 43 | BB51: =countif(A$357:AS$424, AW51) -> 0 | BC51: =sum(AX51:BB51)*8 -> 1512
B52: VET-EXOTICS | C52: 9-6:30 (9) | Q52: Dr. Robertson | X52: Dr. Robertson | AE52: Dr. Robertson | AL52: Dr. Robertson | AS52: Dr. Robertson | AT52: =IF(COUNTIF($AO$85:$AT$87, AS52) > 0, "X", "") | AW52: =TEAM!B53 -> #REF! | AX52: =countif($D$14:$AS$84, AW52) -> 49 | AY52: =countif(D$99:AS$170, AW52) -> 52 | AZ52: =countif(D$185:AS$256, AW52) -> 45 | BA52: =countif(D$271:AS$342, AW52) -> 43 | BB52: =countif(A$357:AS$424, AW52) -> 0 | BC52: =sum(AX52:BB52)*8 -> 1512
B53: Intern | C53: 9-6:30 (9) | X53: Rachel Sanders | AE53: Rachel Sanders | AL53: Rachel Sanders | AS53: Rachel Sanders | AT53: =IF(COUNTIF($AO$85:$AT$87, AS53) > 0, "X", "") | AW53: =TEAM!B54 -> #REF! | AX53: =countif($D$14:$AS$84, AW53) -> 49 | AY53: =countif(D$99:AS$170, AW53) -> 52 | AZ53: =countif(D$185:AS$256, AW53) -> 45 | BA53: =countif(D$271:AS$342, AW53) -> 43 | BB53: =countif(A$357:AS$424, AW53) -> 0 | BC53: =sum(AX53:BB53)*8 -> 1512
B54: Exrtern/Student | C54: 9-5:30 (8) | X54: Laura Callison | AE54: Laura Callison | AL54: Laura Callison | AS54: Laura Callison | AT54: =IF(COUNTIF($AO$85:$AT$87, AS54) > 0, "X", "") | AW54: =TEAM!B55 -> #REF! | AX54: =countif($D$14:$AS$84, AW54) -> 49 | AY54: =countif(D$99:AS$170, AW54) -> 52 | AZ54: =countif(D$185:AS$256, AW54) -> 45 | BA54: =countif(D$271:AS$342, AW54) -> 43 | BB54: =countif(A$357:AS$424, AW54) -> 0 | BC54: =sum(AX54:BB54)*8 -> 1512
B55: Exotic Tech/DA | C55: 9-5:30 (8) | X55: Gladys Castro | AE55: Gladys Castro | AL55: Marelyn Ventura | AS55: Marelyn Ventura | AT55: =IF(COUNTIF($AO$85:$AT$87, #REF!) > 0, "X", "") | AW55: =TEAM!B56 -> #REF! | AX55: =countif($D$14:$AS$84, AW55) -> 49 | AY55: =countif(D$99:AS$170, AW55) -> 52 | AZ55: =countif(D$185:AS$256, AW55) -> 45 | BA55: =countif(D$271:AS$342, AW55) -> 43 | BB55: =countif(A$357:AS$424, AW55) -> 0 | BC55: =sum(AX55:BB55)*8 -> 1512
B56: Exotics Tech | C56: 9-5:30 (8) | AT56: =IF(COUNTIF($AO$85:$AT$87, #REF!) > 0, "X", "") | AW56: =TEAM!B57 -> #REF! | AX56: =countif($D$14:$AS$84, AW56) -> 49 | AY56: =countif(D$99:AS$170, AW56) -> 52 | AZ56: =countif(D$185:AS$256, AW56) -> 45 | BA56: =countif(D$271:AS$342, AW56) -> 43 | BB56: =countif(A$357:AS$424, AW56) -> 0 | BC56: =sum(AX56:BB56)*8 -> 1512
B57: Exotics Tech | C57: 9:30-6 (8) | AT57: =IF(COUNTIF($AO$85:$AT$87, AS57) > 0, "X", "") | AW57: =TEAM!B58 -> #REF! | AX57: =countif($D$14:$AS$84, AW57) -> 49 | AY57: =countif(D$99:AS$170, AW57) -> 52 | AZ57: =countif(D$185:AS$256, AW57) -> 45 | BA57: =countif(D$271:AS$342, AW57) -> 43 | BB57: =countif(A$357:AS$424, AW57) -> 0 | BC57: =sum(AX57:BB57)*8 -> 1512
B58: VET-MPMV | C58: 9-6:30 (9) | Q58: Dr. Claudia Lau | AE58: Dr. Sherry Vartanian | AT58: =IF(COUNTIF($AO$85:$AT$87, AS58) > 0, "X", "") | AW58: =TEAM!B59 -> #REF! | AX58: =countif($D$14:$AS$84, AW58) -> 49 | AY58: =countif(D$99:AS$170, AW58) -> 52 | AZ58: =countif(D$185:AS$256, AW58) -> 45 | BA58: =countif(D$271:AS$342, AW58) -> 43 | BB58: =countif(A$357:AS$424, AW58) -> 0 | BC58: =sum(AX58:BB58)*8 -> 1512
B59: MPMV TECH | C59: 9-5:30 (8) | Q59: Ken Padilla | AE59: Ken Padilla | AT59: =IF(COUNTIF($AO$85:$AT$87, AS59) > 0, "X", "") | AW59: =TEAM!B91 -> #REF! | AX59: =countif($D$14:$AS$84, AW59) -> 49 | AY59: =countif(D$99:AS$170, AW59) -> 52 | AZ59: =countif(D$185:AS$256, AW59) -> 45 | BA59: =countif(D$271:AS$342, AW59) -> 43 | BB59: =countif(A$357:AS$424, AW59) -> 0 | BC59: =sum(AX59:BB59)*8 -> 1512
B60: MPMV TECH | C60: 9-5:30 (8) | Q60: Sonora Chavez | AE60: Sonora Chavez | AT60: =IF(COUNTIF($AO$85:$AT$87, AS60) > 0, "X", "") | AW60: =TEAM!B60 -> #REF! | AX60: =countif($D$14:$AS$84, AW60) -> 49 | AY60: =countif(D$99:AS$170, AW60) -> 52 | AZ60: =countif(D$185:AS$256, AW60) -> 45 | BA60: =countif(D$271:AS$342, AW60) -> 43 | BB60: =countif(A$357:AS$424, AW60) -> 0 | BC60: =sum(AX60:BB60)*8 -> 1512
B61: MPMV TECH | C61: 9-5:30 (8) | V61: Aislinn Dickey1 | AT61: =IF(COUNTIF($AO$85:$AT$87, #REF!) > 0, "X", "") | AW61: =TEAM!B61 -> #REF! | AX61: =countif($D$14:$AS$84, AW61) -> 49 | AY61: =countif(D$99:AS$170, AW61) -> 52 | AZ61: =countif(D$185:AS$256, AW61) -> 45 | BA61: =countif(D$271:AS$342, AW61) -> 43 | BB61: =countif(A$357:AS$424, AW61) -> 0 | BC61: =sum(AX61:BB61)*8 -> 1512
B62: VET-CARDIO | C62: 9-5:30 (8) | AT62: =IF(COUNTIF($AO$85:$AT$87, AS62) > 0, "X", "") | AW62: =TEAM!B62 -> #REF! | AX62: =countif($D$14:$AS$84, AW62) -> 49 | AY62: =countif(D$99:AS$170, AW62) -> 52 | AZ62: =countif(D$185:AS$256, AW62) -> 45 | BA62: =countif(D$271:AS$342, AW62) -> 43 | BB62: =countif(A$357:AS$424, AW62) -> 0 | BC62: =sum(AX62:BB62)*8 -> 1512
B63: CSR Lead | C63: 8-4:30 (8) | AT63: =IF(COUNTIF($AO$85:$AT$87, AS63) > 0, "X", "") | AW63: =TEAM!B64 -> #REF! | AX63: =countif($D$14:$AS$84, AW63) -> 49 | AY63: =countif(D$99:AS$170, AW63) -> 52 | AZ63: =countif(D$185:AS$256, AW63) -> 45 | BA63: =countif(D$271:AS$342, AW63) -> 43 | BB63: =countif(A$357:AS$424, AW63) -> 0 | BC63: =sum(AX63:BB63)*8 -> 1512
B64: CSR | C64: 8-4:30 (8) | H64: Brittany Finch | J64: Natalie Ulloa | O64: Brittany Finch | Q64: Jennifer Velasquez | V64: Brittany Finch | X64: Catherine Ramirez | AC64: Nauman Ali | AE64: Verenice Mendoza | AJ64: Aislinn Dickey | AL64: Jennifer Velasquez | AQ64: Aislinn Dickey | AS64: Catherine Ramirez | AT64: =IF(COUNTIF($AO$85:$AT$87, #REF!) > 0, "X", "") | AW64: =TEAM!B66 -> #REF! | AX64: =countif($D$14:$AS$84, AW64) -> 49 | AY64: =countif(D$99:AS$170, AW64) -> 52 | AZ64: =countif(D$185:AS$256, AW64) -> 45 | BA64: =countif(D$271:AS$342, AW64) -> 43 | BB64: =countif(A$357:AS$424, AW64) -> 0 | BC64: =sum(AX64:BB64)*8 -> 1512
B65: CSR | C65: 9-5:30 (8) | H65: Kirtlynn Moller | J65: Zuleyka Chuc | O65: Aislinn Dickey | Q65: Catherine Ramirez | T65: Verenice Mendoza | V65: Kirtlynn Moller | X65: Natalie Ulloa | AE65: Aislinn Dickey | AH65: Verenice Mendoza | AJ65: Brittany Finch | AL65: Victoria Portillo | AQ65: Jennifer Velasquez1 | AS65: Natalie Ulloa | AT65: =IF(COUNTIF($AO$85:$AT$87, #REF!) > 0, "X", "") | AW65: =TEAM!B67 -> #REF! | AX65: =countif($D$14:$AS$84, AW65) -> 49 | AY65: =countif(D$99:AS$170, AW65) -> 52 | AZ65: =countif(D$185:AS$256, AW65) -> 45 | BA65: =countif(D$271:AS$342, AW65) -> 43 | BB65: =countif(A$357:AS$424, AW65) -> 0 | BC65: =sum(AX65:BB65)*8 -> 1512
B66: CSR | C66: 10-6:30 (8) | H66: Laurence Marai | J66: Victoria Portillo | O66: Zuleyka Chuc | Q66: Verenice Mendoza | T66: Zuleyka Chuc | V66: Laurence Marai | X66: Victoria Portillo | AC66: Laurence Marai | AE66: Victoria Portillo | AH66: Zuleyka Chuc | AJ66: Laurence Marai | AL66: Natalie Ulloa | AQ66: Zuleyka Chuc | AS66: Verenice Mendoza | AT66: =IF(COUNTIF($AO$85:$AT$87, #REF!) > 0, "X", "") | AW66: =TEAM!B68 -> #REF! | AX66: =countif($D$14:$AS$84, AW66) -> 49 | AY66: =countif(D$99:AS$170, AW66) -> 52 | AZ66: =countif(D$185:AS$256, AW66) -> 45 | BA66: =countif(D$271:AS$342, AW66) -> 43 | BB66: =countif(A$357:AS$424, AW66) -> 0 | BC66: =sum(AX66:BB66)*8 -> 1512
B67: CSR | C67: 9:30-6 (8) | X67: Jennifer Velasquez | AT67: =IF(COUNTIF($AO$85:$AT$87, AO66) > 0, "X", "") | AW67: =TEAM!B69 -> #REF! | AX67: =countif($D$14:$AS$84, AW67) -> 49 | AY67: =countif(D$99:AS$170, AW67) -> 52 | AZ67: =countif(D$185:AS$256, AW67) -> 45 | BA67: =countif(D$271:AS$342, AW67) -> 43 | BB67: =countif(A$357:AS$424, AW67) -> 0 | BC67: =sum(AX67:BB67)*8 -> 1512
B68: FAC | C68: 8:30-5 (8) | H68: Yasuko Sano | J68: Maria Portillo | O68: Yasuko Sano | Q68: Maria Portillo | V68: Yasuko Sano | AE68: Maria Portillo | AJ68: Yasuko Sano | AL68: Maria Portillo | AS68: Maria Portillo | AT68: =IF(COUNTIF($AO$85:$AT$87, #REF!) > 0, "X", "") | AW68: =TEAM!B70 -> #REF! | AX68: =countif($D$14:$AS$84, AW68) -> 49 | AY68: =countif(D$99:AS$170, AW68) -> 52 | AZ68: =countif(D$185:AS$256, AW68) -> 45 | BA68: =countif(D$271:AS$342, AW68) -> 43 | BB68: =countif(A$357:AS$424, AW68) -> 0 | BC68: =sum(AX68:BB68)*8 -> 1512
B69: Referral C | C69: 9:30 - 6p | Q69: Laurence Marai | AC69: Brittany Finch | AE69: Nick Bermudez1 | AT69: =IF(COUNTIF($AO$85:$AT$87, AS69) > 0, "X", "") | AW69: =TEAM!B71 -> #REF! | AX69: =countif($D$14:$AS$84, AW69) -> 49 | AY69: =countif(D$99:AS$170, AW69) -> 52 | AZ69: =countif(D$185:AS$256, AW69) -> 45 | BA69: =countif(D$271:AS$342, AW69) -> 43 | BB69: =countif(A$357:AS$424, AW69) -> 0 | BC69: =sum(AX69:BB69)*8 -> 1512
B70: Marketing Assit | C70: 9:30 - 6p | AC70: Kirtlynn Moller | AE70: Catherine Ramirez1 | AT70: =IF(COUNTIF($AO$85:$AT$87, AS70) > 0, "X", "") | AW70: =TEAM!B72 -> #REF! | AX70: =countif($D$14:$AS$84, AW70) -> 49 | AY70: =countif(D$99:AS$170, AW70) -> 52 | AZ70: =countif(D$185:AS$256, AW70) -> 45 | BA70: =countif(D$271:AS$342, AW70) -> 43 | BB70: =countif(A$357:AS$424, AW70) -> 0 | BC70: =sum(AX70:BB70)*8 -> 1512
B71: REMOTE SCHDULE | AW71: =TEAM!B73 -> #REF! | AX71: =countif($D$14:$AS$84, AW71) -> 49 | AY71: =countif(D$99:AS$170, AW71) -> 52 | AZ71: =countif(D$185:AS$256, AW71) -> 45 | BA71: =countif(D$271:AS$342, AW71) -> 43 | BB71: =countif(A$357:AS$424, AW71) -> 0 | BC71: =sum(AX71:BB71)*8 -> 1512
B72: RCSR Manager | C72: 9-5:30 | H72: =TEAM!B71 -> #REF! | O72: =TEAM!B71 -> #REF! | AC72: =TEAM!B71 -> #REF! | AJ72: =TEAM!B71 -> #REF! | AQ72: =TEAM!B71 -> #REF! | AT72: =IF(COUNTIF($AO$85:$AT$87, AS72) > 0, "X", "") | AW72: =TEAM!B74 -> #REF! | AX72: =countif($D$14:$AS$84, AW72) -> 49 | AY72: =countif(D$99:AS$170, AW72) -> 52 | AZ72: =countif(D$185:AS$256, AW72) -> 45 | BA72: =countif(D$271:AS$342, AW72) -> 43 | BB72: =countif(A$357:AS$424, AW72) -> 0 | BC72: =sum(AX72:BB72)*8 -> 1512
B73: Morning Lead | C73: 7:30 - 4 | H73: =TEAM!B78 -> #REF! | O73: =TEAM!B77 -> #REF! | V73: =TEAM!B77 -> #REF! | AC73: =TEAM!B77 -> #REF! | AJ73: =TEAM!B77 -> #REF! | AQ73: =TEAM!B77 -> #REF! | AT73: =IF(COUNTIF($AO$85:$AT$87, AS73) > 0, "X", "") | AW73: =TEAM!B75 -> #REF! | AX73: =countif($D$14:$AS$84, AW73) -> 49 | AY73: =countif(D$99:AS$170, AW73) -> 52 | AZ73: =countif(D$185:AS$256, AW73) -> 45 | BA73: =countif(D$271:AS$342, AW73) -> 43 | BB73: =countif(A$357:AS$424, AW73) -> 0 | BC73: =sum(AX73:BB73)*8 -> 1512
B74: Mid | C74: 8 - 4:30 | H74: =TEAM!B80 -> #REF! | O74: =TEAM!B80 -> #REF! | V74: =TEAM!B80 -> #REF! | AC74: =TEAM!B78 -> #REF! | AJ74: =TEAM!B79 -> #REF! | AQ74: =TEAM!B78 -> #REF! | AT74: =IF(COUNTIF($AO$85:$AT$87, AS74) > 0, "X", "") | AW74: =TEAM!B76 -> #REF! | AX74: =countif($D$14:$AS$84, AW74) -> 49 | AY74: =countif(D$99:AS$170, AW74) -> 52 | AZ74: =countif(D$185:AS$256, AW74) -> 45 | BA74: =countif(D$271:AS$342, AW74) -> 43 | BB74: =countif(A$357:AS$424, AW74) -> 0 | BC74: =sum(AX74:BB74)*8 -> 1512
B75: AP/SX | C75: 8:45-5:15 | H75: =TEAM!B75 -> #REF! | O75: =TEAM!B75 -> #REF! | V75: =TEAM!B75 -> #REF! | AC75: =TEAM!B75 -> #REF! | AJ75: =TEAM!B75 -> #REF! | AT75: =IF(COUNTIF($AO$85:$AT$87, AS75) > 0, "X", "") | AW75: =TEAM!B77 -> #REF! | AX75: =countif($D$14:$AS$84, AW75) -> 49 | AY75: =countif(D$99:AS$170, AW75) -> 52 | AZ75: =countif(D$185:AS$256, AW75) -> 45 | BA75: =countif(D$271:AS$342, AW75) -> 43 | BB75: =countif(A$357:AS$424, AW75) -> 0 | BC75: =sum(AX75:BB75)*8 -> 1512
B76: Support | C76: 9-:5:30pm | H76: =TEAM!B76 -> #REF! | O76: =TEAM!B76 -> #REF! | V76: =TEAM!B74 -> #REF! | AC76: =TEAM!B74 -> #REF! | AJ76: =TEAM!B78 -> #REF! | AT76: =IF(COUNTIF($AO$85:$AT$87, AS76) > 0, "X", "") | AW76: =TEAM!B78 -> #REF! | AX76: =countif($D$14:$AS$84, AW76) -> 49 | AY76: =countif(D$99:AS$170, AW76) -> 52 | AZ76: =countif(D$185:AS$256, AW76) -> 45 | BA76: =countif(D$271:AS$342, AW76) -> 43 | BB76: =countif(A$357:AS$424, AW76) -> 0 | BC76: =sum(AX76:BB76)*8 -> 1512
B77: Closer | C77: 9:45-6:15 | H77: =TEAM!B73 -> #REF! | O77: =TEAM!B79 -> #REF! | V77: =TEAM!B78 -> #REF! | AC77: =TEAM!B76 -> #REF! | AJ77: =TEAM!B73 -> #REF! | AO77: =TEAM!B79 -> #REF! | AQ77: =TEAM!B80 -> #REF! | AT77: =IF(COUNTIF($AO$85:$AT$87, AS77) > 0, "X", "") | AW77: =TEAM!B79 -> #REF! | AX77: =countif($D$14:$AS$84, AW77) -> 49 | AY77: =countif(D$99:AS$170, AW77) -> 52 | AZ77: =countif(D$185:AS$256, AW77) -> 45 | BA77: =countif(D$271:AS$342, AW77) -> 43 | BB77: =countif(A$357:AS$424, AW77) -> 0 | BC77: =sum(AX77:BB77)*8 -> 1512
B78: ERASE SX / Specialty | C78: 8:45-6:15 (8) | AT78: =IF(COUNTIF($AO$85:$AT$87, AS78) > 0, "X", "") | AW78: =TEAM!B80 -> #REF! | AX78: =countif($D$14:$AS$84, AW78) -> 49 | AY78: =countif(D$99:AS$170, AW78) -> 52 | AZ78: =countif(D$185:AS$256, AW78) -> 45 | BA78: =countif(D$271:AS$342, AW78) -> 43 | BB78: =countif(A$357:AS$424, AW78) -> 0 | BC78: =sum(AX78:BB78)*8 -> 1512
B79: Float | C79: 10:30-7 | H79: =TEAM!B79 -> #REF! | V79: =TEAM!B79 -> #REF! | AA79: =TEAM!B80 -> #REF! | AC79: =TEAM!B79 -> #REF! | AT79: =IF(COUNTIF($AO$85:$AT$87, AS79) > 0, "X", "") | AW79: =TEAM!B81 -> #REF! | AX79: =countif($D$14:$AS$84, AW79) -> 49 | AY79: =countif(D$99:AS$170, AW79) -> 52 | AZ79: =countif(D$185:AS$256, AW79) -> 45 | BA79: =countif(D$271:AS$342, AW79) -> 43 | BB79: =countif(A$357:AS$424, AW79) -> 0 | BC79: =sum(AX79:BB79)*8 -> 1512
B80: Texting / Tidio | C80: 8 - 5:30 | H80: =TEAM!B74 -> #REF! | O80: =TEAM!B74 -> #REF! | V80: =TEAM!B73 -> #REF! | AC80: =TEAM!B73 -> #REF! | AJ80: =TEAM!B76 -> #REF! | AT80: =IF(COUNTIF($AO$85:$AT$87, AS80) > 0, "X", "") | AW80: =TEAM!B82 -> #REF! | AX80: =countif($D$14:$AS$84, AW80) -> 49 | AY80: =countif(D$99:AS$170, AW80) -> 52 | AZ80: =countif(D$185:AS$256, AW80) -> 45 | BA80: =countif(D$271:AS$342, AW80) -> 43 | BB80: =countif(A$357:AS$424, AW80) -> 0 | BC80: =sum(AX80:BB80)*8 -> 1512
B81: Admin/Backend | C81: 10 - 7 | H81: =TEAM!B72 -> #REF! | O81: =TEAM!B72 -> #REF! | V81: =TEAM!B72 -> #REF! | AC81: =TEAM!B72 -> #REF! | AJ81: =TEAM!B72 -> #REF! | AQ81: =TEAM!B76 -> #REF! | AT81: =IF(COUNTIF($AO$85:$AT$87, AS81) > 0, "X", "") | AW81: =TEAM!B83 -> #REF! | AX81: =countif($D$14:$AS$84, AW81) -> 49 | AY81: =countif(D$99:AS$170, AW81) -> 52 | AZ81: =countif(D$185:AS$256, AW81) -> 45 | BA81: =countif(D$271:AS$342, AW81) -> 43 | BB81: =countif(A$357:AS$424, AW81) -> 0 | BC81: =sum(AX81:BB81)*8 -> 1512
B82: MPMV MED TEAM | C82: 10-6:30 (8) | J82: Taylor Fox | Q82: Taylor Fox | X82: Sonora Chavez | AE82: Taylor Fox | AL82: Taylor Fox | AT82: =IF(COUNTIF($AO$85:$AT$87, AS82) > 0, "X", "") | AW82: =TEAM!B84 -> #REF! | AX82: =countif($D$14:$AS$84, AW82) -> 49 | AY82: =countif(D$99:AS$170, AW82) -> 52 | AZ82: =countif(D$185:AS$256, AW82) -> 45 | BA82: =countif(D$271:AS$342, AW82) -> 43 | BB82: =countif(A$357:AS$424, AW82) -> 0 | BC82: =sum(AX82:BB82)*8 -> 1512
B83: MPMV MED TEAM | C83: 10-6:30 (8) | J83: Sonora Chavez | X83: Taylor Fox | AL83: Sonora Chavez | AT83: =IF(COUNTIF($AO$85:$AT$87, AS83) > 0, "X", "") | AW83: =TEAM!B85 -> #REF! | AX83: =countif($D$14:$AS$84, AW83) -> 49 | AY83: =countif(D$99:AS$170, AW83) -> 52 | AZ83: =countif(D$185:AS$256, AW83) -> 45 | BA83: =countif(D$271:AS$342, AW83) -> 43 | BB83: =countif(A$357:AS$424, AW83) -> 0 | BC83: =sum(AX83:BB83)*8 -> 1512
B84: MPMV MED TEAM | C84: 9-5:30 (8) | AT84: =IF(COUNTIF($AO$85:$AT$87, AS84) > 0, "X", "") | AW84: =TEAM!B86 -> #REF! | AX84: =countif($D$14:$AS$84, AW84) -> 49 | AY84: =countif(D$99:AS$170, AW84) -> 52 | AZ84: =countif(D$185:AS$256, AW84) -> 45 | BA84: =countif(D$271:AS$342, AW84) -> 43 | BB84: =countif(A$357:AS$424, AW84) -> 0 | BC84: =sum(AX84:BB84)*8 -> 1512
C85: VACATION | F85: Doc, Megan, Dr Hab, Dr V | M85: Megan, Dr Hab, Dr Hoh, Dr V | T85: Megan, Dr Hab, Jess S, Dr Hoh, Dr V | AA85: Megan, Dr Hab, Carmen, Dr Hoh, Dr Rally | AH85: Megan, Dr Hab, Doc, Kenny, Carmen,Dr Hoh, Dr Rally, Kirtlyn | AO85: Megan, Ervin, Markie, Kenny, Carmen, Sonora, Dr Hoh, Kirtlyn | AW85: =TEAM!B88 -> #REF! | AX85: =countif($D$14:$AS$84, AW85) -> 49 | AY85: =countif(D$99:AS$170, AW85) -> 52 | AZ85: =countif(D$185:AS$256, AW85) -> 45 | BA85: =countif(D$271:AS$342, AW85) -> 43 | BB85: =countif(A$357:AS$424, AW85) -> 0 | BC85: =sum(AX85:BB85)*8 -> 1512
C86: VACATION | AW86: =TEAM!B65 -> #REF! | AX86: =countif($D$14:$AS$84, AW86) -> 49 | AY86: =countif(D$99:AS$170, AW86) -> 52 | AZ86: =countif(D$185:AS$256, AW86) -> 45 | BA86: =countif(D$271:AS$342, AW86) -> 43 | BB86: =countif(A$357:AS$424, AW86) -> 0 | BC86: =sum(AX86:BB86)*8 -> 1512
C87: VACATION | AH87: Tanya, Caitlin | AO87: Caitlin | AW87: =TEAM!B89 -> #REF! | AX87: =countif($D$14:$AS$84, AW87) -> 49 | AY87: =countif(D$99:AS$170, AW87) -> 52 | AZ87: =countif(D$185:AS$256, AW87) -> 45 | BA87: =countif(D$271:AS$342, AW87) -> 43 | BB87: =countif(A$357:AS$424, AW87) -> 0 | BC87: =sum(AX87:BB87)*8 -> 1512
B88: WEEK 2 | C88: PUB | D88: SUNDAY | F88: MONDAY | M88: TUESDAY | T88: WEDNESDAY | AA88: THURSDAY | AH88: FRIDAY | AO88: SATURDAY
D89: =AO4+1 -> 11 | F89: =D89+1 -> 12 | M89: =F89+1 -> 13 | T89: =M89+1 -> 14 | AA89: =T89+1 -> 15 | AH89: =AA89+1 -> 16 | AO89: =AH89+1 -> 17 | AW89: Shift Counter | BC89: Total
B90: Role | C90: Shift | F90: SO | H90: VENICE | J90: AETNA | M90: SO | O90: VENICE | Q90: AETNA | T90: SO | V90: VENICE | X90: AETNA | AA90: SO | AC90: VENICE | AE90: AETNA | AH90: SO | AJ90: VENICE | AL90: AETNA | AO90: SO | AQ90: VENICE | AS90: AETNA | AW90: Employee | AX90: Wk1 | AY90: Wk2 | AZ90: Wk3 | BA90: Wk4 | BB90: Wk5 | BC90: Hrs
B91: MEETING | M91: CSR | O91: DA | Q91: MEETING | AA91: Closed | AL91: Ultrasound day w/ Doc | AO91: Closed | AW91: =AW6 -> #REF! | AX91: =AX6 -> 49 | AY91: =AY6 -> 52 | AZ91: =AZ6 -> 45 | BA91: =BA6 -> 43 | BB91: =BB6 -> 0 | BC91: =BC6 -> 1512 | BD91: =BD6
B92: VE Note | F92: 1-2/hr | H92: Heavy VE day/ 2/hr | J92: 3/hr | M92: Closed | O92: Heavy NAD day/ 3/hr | Q92: 3/hr | T92: 2-3/hr | V92: Heavy VE day/ 2/hr | X92: 3/hr | AC92: Heavy NAD day/ 3/hr | AE92: 3/hr | AH92: 2-3/hr | AJ92: Heavy VE day/ 2/hr | AL92: 3/hr | AQ92: Heavy NAD day/ 3/hr | AS92: 3/hr | AU92: =counta(F92:AT92)*20 -> 320 | AW92: =AW7 -> #REF! | AX92: =AX7 -> 49 | AY92: =AY7 -> 52 | AZ92: =AZ7 -> 45 | BA92: =BA7 -> 43 | BB92: =BB7 -> 0 | BC92: =BC7 -> 1512 | BD92: =BD7
B93: AP Note | F93: 4 | H93: 4 | J93: 4 | O93: 4 | Q93: 4 | T93: 0 | V93: 4 | X93: 6 | AC93: 4 | AE93: 4 and ENDO DAY | AJ93: 4 | AL93: 5 | AQ93: 3 | AS93: 3 | AU93: =sum(F93:AK93) -> 38 | AW93: =AW8 -> #REF! | AX93: =AX8 -> 49 | AY93: =AY8 -> 52 | AZ93: =AZ8 -> 45 | BA93: =BA8 -> 43 | BB93: =BB8 -> 0 | BC93: =BC8 -> 1512 | BD93: =BD8
B94: IM Notes | O94: 5 ex. 2 Pro | X94: 5 ex. 2 Pro | AU94: =countA(F94:AJ94)*5 -> 10 | AW94: =AW9 -> #REF! | AX94: =AX9 -> 49 | AY94: =AY9 -> 52 | AZ94: =AZ9 -> 45 | BA94: =BA9 -> 43 | BB94: =BB9 -> 0 | BC94: =BC9 -> 1512 | BD94: =BD9
B95: UC Notes | AU95: =countA(F95:AK95)*12 -> 0 | AW95: =AW10 -> #REF! | AX95: =AX10 -> 49 | AY95: =AY10 -> 52 | AZ95: =AZ10 -> 45 | BA95: =BA10 -> 43 | BB95: =BB10 -> 0 | BC95: =BC10 -> 1512 | BD95: =BD10
B96: Surgery/Cardio/ Exotics | O96: Surgery day | Q96: Exotics | X96: Exotics | AE96: SX / Exotics | AJ96: Surgery Meeting | AL96: Exotics | AS96: Exotics | AU96: =counta(F96:AT96)*4 -> 28 | AW96: =AW11 -> #REF! | AX96: =AX11 -> 49 | AY96: =AY11 -> 52 | AZ96: =AZ11 -> 45 | BA96: =BA11 -> 43 | BB96: =BB11 -> 0 | BC96: =BC11 -> 1512 | BD96: =BD11
B97: MPMV | Q97: Truck Day | AE97: Truck Day | AU97: =sum(F97:AT97) -> 0 | AW97: =AW12 -> #REF! | AX97: =AX12 -> 49 | AY97: =AY12 -> 52 | AZ97: =AZ12 -> 45 | BA97: =BA12 -> 43 | BB97: =BB12 -> 0 | BC97: =BC12 -> 1512 | BD97: =BD12
B98: Role | C98: Shift | AW98: =AW13 -> #REF! | AX98: =AX13 -> 49 | AY98: =AY13 -> 52 | AZ98: =AZ13 -> 45 | BA98: =BA13 -> 43 | BB98: =BB13 -> 0 | BC98: =BC13 -> 1512 | BD98: =BD13
B99: Manager | C99: 10-6:30 | H99: Dr. Garcia | J99: Bianca Alfonso | X99: Dr. Garcia | AE99: Bianca Alfonso | AT99: =IF(COUNTIF($AO$85:$AT$87, AS99) > 0, "X", "") | AW99: =AW14 -> #REF! | AX99: =AX14 -> 49 | AY99: =AY14 -> 52 | AZ99: =AZ14 -> 45 | BA99: =BA14 -> 43 | BB99: =BB14 -> 0 | BC99: =BC14 -> 1512 | BD99: =BD14
B100: Manager | C100: 10-6:30 | V100: Bianca Alfonso | X100: Dr. Habawel | AL100: Deija Lighon | AT100: =IF(COUNTIF($AO$85:$AT$87, #REF!) > 0, "X", "") | AW100: =AW15 -> #REF! | AX100: =AX15 -> 49 | AY100: =AY15 -> 52 | AZ100: =AZ15 -> 45 | BA100: =BA15 -> 43 | BB100: =BB15 -> 0 | BC100: =BC15 -> 1512 | BD100: =BD15
B101: In House Admin | C101: 10-6:30 | V101: Jennifer Velasquez | AT101: =IF(COUNTIF($AO$85:$AT$87, #REF!) > 0, "X", "") | AW101: =AW16 -> #REF! | AX101: =AX16 -> 49 | AY101: =AY16 -> 52 | AZ101: =AZ16 -> 45 | BA101: =BA16 -> 43 | BB101: =BB16 -> 0 | BC101: =BC16 -> 1512 | BD101: =BD16
...

Sheet FEB
B1: * | M1: FEB
B3: WEEK 1 | C3: PUB | D3: SUNDAY | F3: MONDAY | M3: TUESDAY | T3: WEDNESDAY | AA3: THURSDAY | AH3: FRIDAY | AO3: SATURDAY
D4: 1 | F4: 2 | M4: 3 | T4: 4 | AA4: 5 | AH4: 6 | AO4: 7 | AW4: Shift Counter | BC4: Total
B5: Role | C5: Shift | F5: SO | H5: VENICE | J5: AETNA | M5: SO | O5: VENICE | Q5: AETNA | T5: SO | V5: VENICE | X5: AETNA | AA5: SO | AC5: VENICE | AE5: AETNA | AH5: SO | AJ5: VENICE | AL5: AETNA | AO5: SO | AQ5: VENICE | AS5: AETNA | AW5: Employee | AX5: Wk1 | AY5: Wk2 | AZ5: Wk3 | BA5: Wk4 | BB5: Wk5 | BC5: Hrs
B6: MEETING | M6: Close | T6: UPPER | V6: MANAGEMENT | X6: MEETING | AH6: PRE CSR meeting ( CSR leads ) | AJ6: Journal Club | AL6: Ultrasound day w/ Doc | AW6: =TEAM!B6 -> #REF! | AX6: =countif($D$14:$AS$84, AW6) -> 5 | AY6: =countif(D$99:AS$169, AW6) -> 5 | AZ6: =countif(D$184:AS$254, AW6) -> 3 | BA6: =countif(D$269:AS$339, AW6) -> 1 | BB6: =countif(#REF!, AW6) -> 1 | BC6: =sum(AX6:BB6)*8 -> 120
B7: VE Note | F7: 3/hr | H7: Heavy VE day/ 2/hr | J7: 3/hr | O7: Heavy NAD day/ 3/hr | Q7: 3/hr | T7: 3/hr | V7: Heavy VE day/ 2/hr | X7: CLOSE | AC7: Heavy NAD day/ 3/hr | AE7: 3/hr | AH7: 2-3/hr | AJ7: Heavy VE day/ 2/hr | AL7: 3/hr | AQ7: Heavy NAD day/ 3/hr | AS7: 3/hr | AU7: =counta(F7:AT7)*20 -> 300 | AW7: =TEAM!B7 -> #REF! | AX7: =countif($D$14:$AS$84, AW7) -> 5 | AY7: =countif(D$99:AS$169, AW7) -> 5 | AZ7: =countif(D$184:AS$254, AW7) -> 3 | BA7: =countif(D$269:AS$339, AW7) -> 1 | BB7: =countif(#REF!, AW7) -> 1 | BC7: =sum(AX7:BB7)*8 -> 120
B8: AP Note | F8: 0 | H8: 4 | J8: 7 | O8: 4 | Q8: 4 | T8: 4 | V8: 4 | X8: CLOSE | AC8: 4 | AE8: 5 | AH8: 4 | AJ8: 4 | AL8: 6 | AQ8: 4 | AS8: 4 | AU8: =sum(F8:AK8) -> 44 | AW8: =TEAM!B8 -> #REF! | AX8: =countif($D$14:$AS$84, AW8) -> 5 | AY8: =countif(D$99:AS$169, AW8) -> 5 | AZ8: =countif(D$184:AS$254, AW8) -> 3 | BA8: =countif(D$269:AS$339, AW8) -> 1 | BB8: =countif(#REF!, AW8) -> 1 | BC8: =sum(AX8:BB8)*8 -> 120
B9: IM Notes | O9: 5 ex. 2 Pro | T9: 5 ex. 2 Pro | X9: CLOSE | AC9: 5 ex. 2 Pro | AU9: =countA(F9:AJ9)*5 -> 20 | AW9: =TEAM!B9 -> #REF! | AX9: =countif($D$14:$AS$84, AW9) -> 5 | AY9: =countif(D$99:AS$169, AW9) -> 5 | AZ9: =countif(D$184:AS$254, AW9) -> 3 | BA9: =countif(D$269:AS$339, AW9) -> 1 | BB9: =countif(#REF!, AW9) -> 1 | BC9: =sum(AX9:BB9)*8 -> 120
B10: UC Notes | X10: CLOSE | AU10: =countA(F10:AK10)*12 -> 12 | AW10: =TEAM!B10 -> #REF! | AX10: =countif($D$14:$AS$84, AW10) -> 5 | AY10: =countif(D$99:AS$169, AW10) -> 5 | AZ10: =countif(D$184:AS$254, AW10) -> 3 | BA10: =countif(D$269:AS$339, AW10) -> 1 | BB10: =countif(#REF!, AW10) -> 1 | BC10: =sum(AX10:BB10)*8 -> 120
B11: Surgery/Cardio/ Exotics | O11: SX/ Cardio | Q11: Exotics | X11: CLOSE | AE11: SX / EX / Cardio | AL11: Exotics | AS11: Exotics | AU11: =counta(F11:AT11)*4 -> 24 | AW11: =TEAM!B11 -> #REF! | AX11: =countif($D$14:$AS$84, AW11) -> 5 | AY11: =countif(D$99:AS$169, AW11) -> 5 | AZ11: =countif(D$184:AS$254, AW11) -> 3 | BA11: =countif(D$269:AS$339, AW11) -> 1 | BB11: =countif(#REF!, AW11) -> 1 | BC11: =sum(AX11:BB11)*8 -> 120
B12: MPMV | Q12: Truck Day | AU12: =sum(F12:AT12) -> 0 | AW12: =TEAM!B12 -> #REF! | AX12: =countif($D$14:$AS$84, AW12) -> 5 | AY12: =countif(D$99:AS$169, AW12) -> 5 | AZ12: =countif(D$184:AS$254, AW12) -> 3 | BA12: =countif(D$269:AS$339, AW12) -> 1 | BB12: =countif(#REF!, AW12) -> 1 | BC12: =sum(AX12:BB12)*8 -> 120
B13: Role | C13: Shift | AW13: =TEAM!B13 -> #REF! | AX13: =countif($D$14:$AS$84, AW13) -> 5 | AY13: =countif(D$99:AS$169, AW13) -> 5 | AZ13: =countif(D$184:AS$254, AW13) -> 3 | BA13: =countif(D$269:AS$339, AW13) -> 1 | BB13: =countif(#REF!, AW13) -> 1 | BC13: =sum(AX13:BB13)*8 -> 120
B14: Manager | C14: 10-6:30 | J14: Dr. Garcia | V14: Dr. Garcia | AE14: Deija Lighon | AT14: =IF(COUNTIF($AO$85:$AT$87, #REF!) > 0, "X", "") | AW14: =TEAM!B14 -> #REF! | AX14: =countif($D$14:$AS$84, AW14) -> 5 | AY14: =countif(D$99:AS$169, AW14) -> 5 | AZ14: =countif(D$184:AS$254, AW14) -> 3 | BA14: =countif(D$269:AS$339, AW14) -> 1 | BB14: =countif(#REF!, AW14) -> 1 | BC14: =sum(AX14:BB14)*8 -> 120
B15: Manager | C15: 10-6:30 | J15: Bianca Alfonso | V15: Bianca Alfonso | AE15: Bianca Alfonso | AL15: Bianca Alfonso | AT15: =IF(COUNTIF($AO$85:$AT$87, AS19) > 0, "X", "") | AW15: =TEAM!B15 -> #REF! | AX15: =countif($D$14:$AS$84, AW15) -> 5 | AY15: =countif(D$99:AS$169, AW15) -> 5 | AZ15: =countif(D$184:AS$254, AW15) -> 3 | BA15: =countif(D$269:AS$339, AW15) -> 1 | BB15: =countif(#REF!, AW15) -> 1 | BC15: =sum(AX15:BB15)*8 -> 120
B16: In House Admin | C16: 10-6:30 | H16: Jennifer Velasquez | V16: Jennifer Velasquez1 | AE16: Jennifer Velasquez1 | AT16: =IF(COUNTIF($AO$85:$AT$87, #REF!) > 0, "X", "") | AW16: =TEAM!B16 -> #REF! | AX16: =countif($D$14:$AS$84, AW16) -> 5 | AY16: =countif(D$99:AS$169, AW16) -> 5 | AZ16: =countif(D$184:AS$254, AW16) -> 3 | BA16: =countif(D$269:AS$339, AW16) -> 1 | BB16: =countif(#REF!, AW16) -> 1 | BC16: =sum(AX16:BB16)*8 -> 120
B17: Inventory | C17: 9:30-6 (8) | H17: Ana Livia | Q17: Ana Livia | V17: Ana Livia | AE17: Ana Livia | AJ17: Ana Livia | AT17: =IF(COUNTIF($AO$85:$AT$87, AS17) > 0, "X", "") | AW17: =TEAM!B17 -> #REF! | AX17: =countif($D$14:$AS$84, AW17) -> 5 | AY17: =countif(D$99:AS$169, AW17) -> 5 | AZ17: =countif(D$184:AS$254, AW17) -> 3 | BA17: =countif(D$269:AS$339, AW17) -> 1 | BB17: =countif(#REF!, AW17) -> 1 | BC17: =sum(AX17:BB17)*8 -> 120
B18: Office Admin | C18: 9-5:30 // 8-5:30 | F18: Esmeralda Alfonso | Q18: Esmeralda Alfonso | T18: Esmeralda Alfonso | AE18: Esmeralda Alfonso | AH18: Esmeralda Alfonso | AT18: =IF(COUNTIF($AO$85:$AT$87, AS18) > 0, "X", "") | AW18: =TEAM!B18 -> #REF! | AX18: =countif($D$14:$AS$84, AW18) -> 5 | AY18: =countif(D$99:AS$169, AW18) -> 5 | AZ18: =countif(D$184:AS$254, AW18) -> 3 | BA18: =countif(D$269:AS$339, AW18) -> 1 | BB18: =countif(#REF!, AW18) -> 1 | BC18: =sum(AX18:BB18)*8 -> 120
B19: VET-SURGERY | C19: 9-6:30 (9) | O19: Dr. Faro | V19: Dr. Faro | AE19: Dr. Faro | AT19: =IF(COUNTIF($AO$85:$AT$87, #REF!) > 0, "X", "") | AW19: =TEAM!B19 -> #REF! | AX19: =countif($D$14:$AS$84, AW19) -> 5 | AY19: =countif(D$99:AS$169, AW19) -> 5 | AZ19: =countif(D$184:AS$254, AW19) -> 3 | BA19: =countif(D$269:AS$339, AW19) -> 1 | BB19: =countif(#REF!, AW19) -> 1 | BC19: =sum(AX19:BB19)*8 -> 120
B20: Intern | C20: 9-6:30 (9) | AT20: =IF(COUNTIF($AO$85:$AT$87, #REF!) > 0, "X", "") | AW20: =TEAM!B20 -> #REF! | AX20: =countif($D$14:$AS$84, AW20) -> 5 | AY20: =countif(D$99:AS$169, AW20) -> 5 | AZ20: =countif(D$184:AS$254, AW20) -> 3 | BA20: =countif(D$269:AS$339, AW20) -> 1 | BB20: =countif(#REF!, AW20) -> 1 | BC20: =sum(AX20:BB20)*8 -> 120
B21: Exrtern/Student | C21: 9-5:30 (8) | AT21: =IF(COUNTIF($AO$85:$AT$87, #REF!) > 0, "X", "") | AW21: =#REF! -> #REF! | AX21: =countif($D$14:$AS$84, AW21) -> 5 | AY21: =countif(D$99:AS$169, AW21) -> 5 | AZ21: =countif(D$184:AS$254, AW21) -> 3 | BA21: =countif(D$269:AS$339, AW21) -> 1 | BB21: =countif(#REF!, AW21) -> 1 | BC21: =sum(AX21:BB21)*8 -> 120
B22: Surgery Lead | C22: 8:30-5 (8) | O22: Jessica Salazar | AE22: Megan Rolnik | AT22: =IF(COUNTIF($AO$85:$AT$87, AS21) > 0, "X", "") | AW22: =TEAM!B94 -> #REF! | AX22: =countif($D$14:$AS$84, AW22) -> 5 | AY22: =countif(D$99:AS$169, AW22) -> 5 | AZ22: =countif(D$184:AS$254, AW22) -> 3 | BA22: =countif(D$269:AS$339, AW22) -> 1 | BB22: =countif(#REF!, AW22) -> 1 | BC22: =sum(AX22:BB22)*8 -> 120
B23: Surgery Tech 1 | C23: 9-5:30 (8) | O23: Ervin Tenorio | AT23: =IF(COUNTIF($AO$85:$AT$87, AS22) > 0, "X", "") | AW23: =TEAM!B22 -> #REF! | AX23: =countif($D$14:$AS$84, AW23) -> 5 | AY23: =countif(D$99:AS$169, AW23) -> 5 | AZ23: =countif(D$184:AS$254, AW23) -> 3 | BA23: =countif(D$269:AS$339, AW23) -> 1 | BB23: =countif(#REF!, AW23) -> 1 | BC23: =sum(AX23:BB23)*8 -> 120
B24: Surgery Tech 2 | C24: 9-5:30 (8) | AL24: Dr. Garcia | AT24: =IF(COUNTIF($AO$85:$AT$87, #REF!) > 0, "X", "") | AW24: =TEAM!B23 -> #REF! | AX24: =countif($D$14:$AS$84, AW24) -> 5 | AY24: =countif(D$99:AS$169, AW24) -> 5 | AZ24: =countif(D$184:AS$254, AW24) -> 3 | BA24: =countif(D$269:AS$339, AW24) -> 1 | BB24: =countif(#REF!, AW24) -> 1 | BC24: =sum(AX24:BB24)*8 -> 120
B25: VET-AP | C25: 9-6:30 (9) | H25: Dr. Ella Scott | J25: Dr. Niko Alzate | O25: Dr. Ella Scott | Q25: Dr. Habawel | T25: Dr. Niko Alzate | V25: Dr. Ella Scott | AC25: Dr. Habawel | AE25: Dr. Garcia | AH25: Dr. Niko Alzate | AJ25: Dr. Faro | AL25: Dr. Habawel | AQ25: Dr. Faro | AS25: Dr. Niko Alzate | AT25: =IF(COUNTIF($AO$85:$AT$87, #REF!) > 0, "X", "") | AW25: =TEAM!B24 -> #REF! | AX25: =countif($D$14:$AS$84, AW25) -> 5 | AY25: =countif(D$99:AS$169, AW25) -> 5 | AZ25: =countif(D$184:AS$254, AW25) -> 3 | BA25: =countif(D$269:AS$339, AW25) -> 1 | BB25: =countif(#REF!, AW25) -> 1 | BC25: =sum(AX25:BB25)*8 -> 120
B26: Intern | C26: 9-6:30 (9) | AT26: =IF(COUNTIF($AO$85:$AT$87, #REF!) > 0, "X", "") | AW26: =TEAM!B25 -> #REF! | AX26: =countif($D$14:$AS$84, AW26) -> 5 | AY26: =countif(D$99:AS$169, AW26) -> 5 | AZ26: =countif(D$184:AS$254, AW26) -> 3 | BA26: =countif(D$269:AS$339, AW26) -> 1 | BB26: =countif(#REF!, AW26) -> 1 | BC26: =sum(AX26:BB26)*8 -> 120
B27: Exrtern/Student | C27: 9-5:30 (8) | AT27: =IF(COUNTIF($AO$85:$AT$87, AS26) > 0, "X", "") | AW27: =TEAM!B26 -> #REF! | AX27: =countif($D$14:$AS$84, AW27) -> 5 | AY27: =countif(D$99:AS$169, AW27) -> 5 | AZ27: =countif(D$184:AS$254, AW27) -> 3 | BA27: =countif(D$269:AS$339, AW27) -> 1 | BB27: =countif(#REF!, AW27) -> 1 | BC27: =sum(AX27:BB27)*8 -> 120
B28: AP Lead | C28: 10-6:30 (8) | J28: Deija Lighon | Q28: Deija Lighon | AE28: Jessica Salazar | AL28: Deija Lighon | AS28: Deija Lighon | AT28: =IF(COUNTIF($AO$85:$AT$87, #REF!) > 0, "X", "") | AW28: =TEAM!B27 -> #REF! | AX28: =countif($D$14:$AS$84, AW28) -> 5 | AY28: =countif(D$99:AS$169, AW28) -> 5 | AZ28: =countif(D$184:AS$254, AW28) -> 3 | BA28: =countif(D$269:AS$339, AW28) -> 1 | BB28: =countif(#REF!, AW28) -> 1 | BC28: =sum(AX28:BB28)*8 -> 120
B29: AP Tech | C29: 8:30-5 (8) | H29: Raquel Velez | J29: Jessica Salazar | O29: Raquel Velez | Q29: Megan Rolnik | T29: Jessica Salazar | V29: Raquel Velez | AC29: Ervin Tenorio | AE29: Lizbeth Martinez | AH29: Ervin Tenorio | AJ29: Laura Lucia | AL29: Jessica Salazar | AQ29: Raquel Velez | AS29: Megan Rolnik | AT29: =IF(COUNTIF($AO$85:$AT$87, #REF!) > 0, "X", "") | AW29: =TEAM!B28 -> #REF! | AX29: =countif($D$14:$AS$84, AW29) -> 5 | AY29: =countif(D$99:AS$169, AW29) -> 5 | AZ29: =countif(D$184:AS$254, AW29) -> 3 | BA29: =countif(D$269:AS$339, AW29) -> 1 | BB29: =countif(#REF!, AW29) -> 1 | BC29: =sum(AX29:BB29)*8 -> 120
B30: AP Tech | C30: 9-5:30 (8) | H30: Miguel Antonio | O30: Miguel Antonio | Q30: Lizbeth Martinez | T30: Ervin Tenorio | V30: Miguel Antonio | AC30: Miguel Antonio | AE30: Carmen Chan | AH30: Lizbeth Martinez | AJ30: Miguel Antonio | AQ30: Saul Garcia | AS30: Diana Monterde1 | AT30: =IF(COUNTIF($AO$85:$AT$87, AH36) > 0, "X", "") | AW30: =TEAM!B29 -> #REF! | AX30: =countif($D$14:$AS$84, AW30) -> 5 | AY30: =countif(D$99:AS$169, AW30) -> 5 | AZ30: =countif(D$184:AS$254, AW30) -> 3 | BA30: =countif(D$269:AS$339, AW30) -> 1 | BB30: =countif(#REF!, AW30) -> 1 | BC30: =sum(AX30:BB30)*8 -> 120
B31: AP Tech | C31: 10-6:30 (8) | H31: Markie Perez | J31: Carmen Chan | T31: Markie Perez | V31: Diana Monterde | AL31: Carmen Chan | AT31: =IF(COUNTIF($AO$85:$AT$87, #REF!) > 0, "X", "") | AW31: =TEAM!B30 -> #REF! | AX31: =countif($D$14:$AS$84, AW31) -> 5 | AY31: =countif(D$99:AS$169, AW31) -> 5 | AZ31: =countif(D$184:AS$254, AW31) -> 3 | BA31: =countif(D$269:AS$339, AW31) -> 1 | BB31: =countif(#REF!, AW31) -> 1 | BC31: =sum(AX31:BB31)*8 -> 120
B32: AP Tech | C32: 9:30-6 (8) | H32: Saul Garcia | J32: Ervin Tenorio | O32: Saul Garcia | Q32: Carmen Chan | T32: Lizbeth Martinez | V32: Saul Garcia | AC32: Diana Monterde | AE32: Markie Perez | AH32: Markie Perez | AJ32: Saul Garcia | AL32: Diana Monterde1 | AQ32: Carmen Chan | AS32: Markie Perez | AT32: =IF(COUNTIF($AO$85:$AT$87, #REF!) > 0, "X", "") | AW32: =TEAM!B31 -> #REF! | AX32: =countif($D$14:$AS$84, AW32) -> 5 | AY32: =countif(D$99:AS$169, AW32) -> 5 | AZ32: =countif(D$184:AS$254, AW32) -> 3 | BA32: =countif(D$269:AS$339, AW32) -> 1 | BB32: =countif(#REF!, AW32) -> 1 | BC32: =sum(AX32:BB32)*8 -> 120
B33: Remote AP Tech | C33: 9-5:30 (8) | F33: Angela Fraga | H33: Dr. Sherry Vartanian1 | O33: Angela Fraga | Q33: Dr. Sherry Vartanian1 | AC33: Angela Fraga | AH33: Angela Fraga | AQ33: Angela Fraga | AS33: Dr. Sherry Vartanian1 | AT33: =IF(COUNTIF($AO$85:$AT$87, #REF!) > 0, "X", "") | AW33: =TEAM!B32 -> #REF! | AX33: =countif($D$14:$AS$84, AW33) -> 5 | AY33: =countif(D$99:AS$169, AW33) -> 5 | AZ33: =countif(D$184:AS$254, AW33) -> 3 | BA33: =countif(D$269:AS$339, AW33) -> 1 | BB33: =countif(#REF!, AW33) -> 1 | BC33: =sum(AX33:BB33)*8 -> 120
B34: VET-NAD | C34: 9-6:30 (9) | F34: Dr. Habawel | H34: Dr. Geist1 | J34: Dr. Hoh | O34: Dr. Geist1 | Q34: Dr. Habawel1 | T34: Dr. Geist1 | V34: Dr. Habawel | AC34: Dr. Geist1 | AE34: Dr. Niko Alzate | AH34: Dr. Niko Alzate1 | AJ34: Dr. Geist | AL34: Dr. Ella Scott | AQ34: Dr. Ella Scott | AS34: Dr. Niko Alzate1 | AT34: =IF(COUNTIF($AO$85:$AT$87, #REF!) > 0, "X", "") | AW34: =TEAM!B33 -> #REF! | AX34: =countif($D$14:$AS$84, AW34) -> 5 | AY34: =countif(D$99:AS$169, AW34) -> 5 | AZ34: =countif(D$184:AS$254, AW34) -> 3 | BA34: =countif(D$269:AS$339, AW34) -> 1 | BB34: =countif(#REF!, AW34) -> 1 | BC34: =sum(AX34:BB34)*8 -> 120
B35: Intern | C35: 9-6:30 (9) | H35: Alexei Marquez | O35: Alexei Marquez | V35: Alexei Marquez | AC35: Alexei Marquez | AE35: Dr. Sherry Vartanian1 | AH35: Dr. Sherry Vartanian1 | AJ35: Alexei Marquez | AT35: =IF(COUNTIF($AO$85:$AT$87, #REF!) > 0, "X", "") | AW35: =TEAM!B34 -> #REF! | AX35: =countif($D$14:$AS$84, AW35) -> 5 | AY35: =countif(D$99:AS$169, AW35) -> 5 | AZ35: =countif(D$184:AS$254, AW35) -> 3 | BA35: =countif(D$269:AS$339, AW35) -> 1 | BB35: =countif(#REF!, AW35) -> 1 | BC35: =sum(AX35:BB35)*8 -> 120
B36: Exrtern/Student | C36: 9-5:30 (8) | AJ36: Maria Capodieci | AT36: =IF(COUNTIF($AO$85:$AT$87, AS35) > 0, "X", "") | AW36: =TEAM!B35 -> #REF! | AX36: =countif($D$14:$AS$84, AW36) -> 5 | AY36: =countif(D$99:AS$169, AW36) -> 5 | AZ36: =countif(D$184:AS$254, AW36) -> 3 | BA36: =countif(D$269:AS$339, AW36) -> 1 | BB36: =countif(#REF!, AW36) -> 1 | BC36: =sum(AX36:BB36)*8 -> 120
B37: DA - NAD | C37: 9-6:30 | F37: Jessica Lucra | H37: Batia Blank | J37: Lizbeth Martinez | O37: Crystal Barrom | Q37: Batia Blank | T37: Rachel Banyasz | V37: Crystal Barrom | AC37: Crystal Barrom | AE37: Rachel Banyasz | AH37: Jessica Lucra | AJ37: Crystal Barrom | AL37: Rachel Banyasz | AQ37: Rachel Banyasz | AS37: Jessica Lucra | AT37: =IF(COUNTIF($AO$85:$AT$87, #REF!) > 0, "X", "") | AW37: =TEAM!B36 -> #REF! | AX37: =countif($D$14:$AS$84, AW37) -> 5 | AY37: =countif(D$99:AS$169, AW37) -> 5 | AZ37: =countif(D$184:AS$254, AW37) -> 3 | BA37: =countif(D$269:AS$339, AW37) -> 1 | BB37: =countif(#REF!, AW37) -> 1 | BC37: =sum(AX37:BB37)*8 -> 120
B38: DA - TRAINING | C38: 9-6:30 | AJ38: Brittany Finch1 | AQ38: Aislinn Dickey | AT38: =IF(COUNTIF($AO$85:$AT$87, #REF!) > 0, "X", "") | AW38: =TEAM!B37 -> #REF! | AX38: =countif($D$14:$AS$84, AW38) -> 5 | AY38: =countif(D$99:AS$169, AW38) -> 5 | AZ38: =countif(D$184:AS$254, AW38) -> 3 | BA38: =countif(D$269:AS$339, AW38) -> 1 | BB38: =countif(#REF!, AW38) -> 1 | BC38: =sum(AX38:BB38)*8 -> 120
B39: Clinic Tech | C39: 8:30-5 (8) | F39: Adriana Gutierrez | H39: Karen Cuestas | J39: Laura Lucia | O39: Karen Cuestas | Q39: Laura Lucia | T39: Ken Padilla | V39: Karen Cuestas | AC39: Brandon Orange | AE39: Nauman Ali | AH39: Adriana Gutierrez | AJ39: Brandon Orange | AL39: Ken Padilla | AQ39: Karen Cuestas | AS39: Ken Padilla | AT39: =IF(COUNTIF($AO$85:$AT$87, AS37) > 0, "X", "") | AW39: =TEAM!B38 -> #REF! | AX39: =countif($D$14:$AS$84, AW39) -> 5 | AY39: =countif(D$99:AS$169, AW39) -> 5 | AZ39: =countif(D$184:AS$254, AW39) -> 3 | BA39: =countif(D$269:AS$339, AW39) -> 1 | BB39: =countif(#REF!, AW39) -> 1 | BC39: =sum(AX39:BB39)*8 -> 120
B40: Clinic Tech | C40: 9-5:30 (8) | T40: Nauman Ali | AE40: Laura Lucia | AT40: =IF(COUNTIF($AO$85:$AT$87, #REF!) > 0, "X", "") | AW40: =TEAM!B41 -> #REF! | AX40: =countif($D$14:$AS$84, AW40) -> 5 | AY40: =countif(D$99:AS$169, AW40) -> 5 | AZ40: =countif(D$184:AS$254, AW40) -> 3 | BA40: =countif(D$269:AS$339, AW40) -> 1 | BB40: =countif(#REF!, AW40) -> 1 | BC40: =sum(AX40:BB40)*8 -> 120
B41: Clinic Tech | C41: 10-6:30 (8) | H41: Brandon Orange | J41: Ken Padilla | O41: Brittany Finch | Q41: Nick Bermudez | T41: Jessica Lucra | V41: Laura Lucia | AC41: Karen Cuestas | AE41: Jessica Lucra | AJ41: Alysia Sanford | AL41: Vero Rios1 | AQ41: Alexei Marquez | AS41: Nauman Ali | AT41: =IF(COUNTIF($AO$85:$AT$87, #REF!) > 0, "X", "") | AW41: =TEAM!B42 -> #REF! | AX41: =countif($D$14:$AS$84, AW41) -> 5 | AY41: =countif(D$99:AS$169, AW41) -> 5 | AZ41: =countif(D$184:AS$254, AW41) -> 3 | BA41: =countif(D$269:AS$339, AW41) -> 1 | BB41: =countif(#REF!, AW41) -> 1 | BC41: =sum(AX41:BB41)*8 -> 120
B42: Float/ Lead | C42: 10-6:30 (8) | F42: Nauman Ali | Q42: Bianca Alfonso | AH42: Nauman Ali | AL42: Catherine Ramirez | AS42: Catherine Ramirez | AT42: =IF(COUNTIF($AO$85:$AT$87, #REF!) > 0, "X", "") | AW42: =TEAM!B43 -> #REF! | AX42: =countif($D$14:$AS$84, AW42) -> 5 | AY42: =countif(D$99:AS$169, AW42) -> 5 | AZ42: =countif(D$184:AS$254, AW42) -> 3 | BA42: =countif(D$269:AS$339, AW42) -> 1 | BB42: =countif(#REF!, AW42) -> 1 | BC42: =sum(AX42:BB42)*8 -> 120
B43: Dentals | C43: 9-5:30 (8) | F43: Vero Rios | H43: Joseph Reyes | J43: Fidel Fraga | O43: Joseph Reyes | Q43: Nauman Ali | T43: Vero Rios | V43: Joseph Reyes | AC43: Ethan Young | AE43: Fidel Fraga | AH43: Nick Bermudez | AJ43: Joseph Reyes | AL43: Fidel Fraga | AQ43: Ethan Young | AS43: Fidel Fraga | AT43: =IF(COUNTIF($AO$85:$AT$87, #REF!) > 0, "X", "") | AW43: =TEAM!B44 -> #REF! | AX43: =countif($D$14:$AS$84, AW43) -> 5 | AY43: =countif(D$99:AS$169, AW43) -> 5 | AZ43: =countif(D$184:AS$254, AW43) -> 3 | BA43: =countif(D$269:AS$339, AW43) -> 1 | BB43: =countif(#REF!, AW43) -> 1 | BC43: =sum(AX43:BB43)*8 -> 120
B44: Dentals | C44: 9:30-6 (8) | H44: Ethan Young | J44: Nick Bermudez | O44: Vero Rios | Q44: Fidel Fraga | T44: Nick Bermudez | V44: Ethan Young | AC44: Nick Bermudez | AE44: Joseph Reyes | AJ44: Ethan Young | AQ44: Vero Rios | AT44: =IF(COUNTIF($AO$85:$AT$87, #REF!) > 0, "X", "") | AW44: =TEAM!B45 -> #REF! | AX44: =countif($D$14:$AS$84, AW44) -> 5 | AY44: =countif(D$99:AS$169, AW44) -> 5 | AZ44: =countif(D$184:AS$254, AW44) -> 3 | BA44: =countif(D$269:AS$339, AW44) -> 1 | BB44: =countif(#REF!, AW44) -> 1 | BC44: =sum(AX44:BB44)*8 -> 120
B45: Dentals (trainee) | C45: 9:30-6 (8) | AT45: =IF(COUNTIF($AO$85:$AT$87, AS42) > 0, "X", "") | AW45: =TEAM!B46 -> #REF! | AX45: =countif($D$14:$AS$84, AW45) -> 5 | AY45: =countif(D$99:AS$169, AW45) -> 5 | AZ45: =countif(D$184:AS$254, AW45) -> 3 | BA45: =countif(D$269:AS$339, AW45) -> 1 | BB45: =countif(#REF!, AW45) -> 1 | BC45: =sum(AX45:BB45)*8 -> 120
B46: VET-IM | C46: 9-6:30 (9) | H46: Dr. Geist | O46: Dr. Geist | T46: Dr. Geist1 | AC46: Dr. Geist | AT46: =IF(COUNTIF($AO$85:$AT$87, #REF!) > 0, "X", "") | AW46: =TEAM!B47 -> #REF! | AX46: =countif($D$14:$AS$84, AW46) -> 5 | AY46: =countif(D$99:AS$169, AW46) -> 5 | AZ46: =countif(D$184:AS$254, AW46) -> 3 | BA46: =countif(D$269:AS$339, AW46) -> 1 | BB46: =countif(#REF!, AW46) -> 1 | BC46: =sum(AX46:BB46)*8 -> 120
B47: Intern | C47: 9-6:30 (9) | AT47: =IF(COUNTIF($AO$85:$AT$87, AS46) > 0, "X", "") | AW47: =TEAM!B48 -> #REF! | AX47: =countif($D$14:$AS$84, AW47) -> 5 | AY47: =countif(D$99:AS$169, AW47) -> 5 | AZ47: =countif(D$184:AS$254, AW47) -> 3 | BA47: =countif(D$269:AS$339, AW47) -> 1 | BB47: =countif(#REF!, AW47) -> 1 | BC47: =sum(AX47:BB47)*8 -> 120
B48: Exrtern/Student | C48: 9-5:30 (8) | H48: Maria Capodieci | O48: Maria Capodieci | T48: Maria Capodieci | AC48: Maria Capodieci | AT48: =IF(COUNTIF($AO$85:$AT$87, AS47) > 0, "X", "") | AW48: =TEAM!B49 -> #REF! | AX48: =countif($D$14:$AS$84, AW48) -> 5 | AY48: =countif(D$99:AS$169, AW48) -> 5 | AZ48: =countif(D$184:AS$254, AW48) -> 3 | BA48: =countif(D$269:AS$339, AW48) -> 1 | BB48: =countif(#REF!, AW48) -> 1 | BC48: =sum(AX48:BB48)*8 -> 120
B49: IM Tech/DA | C49: 9-5:30 (8) | H49: Alysia Sanford | O49: Alysia Sanford | T49: Alysia Sanford | AC49: Alysia Sanford | AT49: =IF(COUNTIF($AO$85:$AT$87, AS48) > 0, "X", "") | AW49: =TEAM!B50 -> #REF! | AX49: =countif($D$14:$AS$84, AW49) -> 5 | AY49: =countif(D$99:AS$169, AW49) -> 5 | AZ49: =countif(D$184:AS$254, AW49) -> 3 | BA49: =countif(D$269:AS$339, AW49) -> 1 | BB49: =countif(#REF!, AW49) -> 1 | BC49: =sum(AX49:BB49)*8 -> 120
B50: IM Tech | C50: 9-5:30 (8) | AT50: =IF(COUNTIF($AO$85:$AT$87, AS49) > 0, "X", "") | AW50: =TEAM!B51 -> #REF! | AX50: =countif($D$14:$AS$84, AW50) -> 5 | AY50: =countif(D$99:AS$169, AW50) -> 5 | AZ50: =countif(D$184:AS$254, AW50) -> 3 | BA50: =countif(D$269:AS$339, AW50) -> 1 | BB50: =countif(#REF!, AW50) -> 1 | BC50: =sum(AX50:BB50)*8 -> 120
B51: IM Tech | C51: 9:30-6 (8) | AT51: =IF(COUNTIF($AO$85:$AT$87, AS50) > 0, "X", "") | AW51: =TEAM!B52 -> #REF! | AX51: =countif($D$14:$AS$84, AW51) -> 5 | AY51: =countif(D$99:AS$169, AW51) -> 5 | AZ51: =countif(D$184:AS$254, AW51) -> 3 | BA51: =countif(D$269:AS$339, AW51) -> 1 | BB51: =countif(#REF!, AW51) -> 1 | BC51: =sum(AX51:BB51)*8 -> 120
B52: VET-EXOTICS | C52: 9-6:30 (9) | Q52: Dr. Robertson | X52: Dr. Robertson | AE52: Dr. Robertson | AL52: Dr. Robertson | AS52: Dr. Robertson | AT52: =IF(COUNTIF($AO$85:$AT$87, AS51) > 0, "X", "") | AW52: =TEAM!B53 -> #REF! | AX52: =countif($D$14:$AS$84, AW52) -> 5 | AY52: =countif(D$99:AS$169, AW52) -> 5 | AZ52: =countif(D$184:AS$254, AW52) -> 3 | BA52: =countif(D$269:AS$339, AW52) -> 1 | BB52: =countif(#REF!, AW52) -> 1 | BC52: =sum(AX52:BB52)*8 -> 120
B53: Intern | C53: 9-6:30 (9) | AT53: =IF(COUNTIF($AO$85:$AT$87, AS52) > 0, "X", "") | AW53: =TEAM!B54 -> #REF! | AX53: =countif($D$14:$AS$84, AW53) -> 5 | AY53: =countif(D$99:AS$169, AW53) -> 5 | AZ53: =countif(D$184:AS$254, AW53) -> 3 | BA53: =countif(D$269:AS$339, AW53) -> 1 | BB53: =countif(#REF!, AW53) -> 1 | BC53: =sum(AX53:BB53)*8 -> 120
B54: Exrtern/Student | C54: 9-5:30 (8) | Q54: Miahuatl Kuauhtzin | AE54: Miahuatl Kuauhtzin | AL54: Miahuatl Kuauhtzin | AS54: Miahuatl Kuauhtzin | AT54: =IF(COUNTIF($AO$85:$AT$87, AS53) > 0, "X", "") | AW54: =TEAM!B55 -> #REF! | AX54: =countif($D$14:$AS$84, AW54) -> 5 | AY54: =countif(D$99:AS$169, AW54) -> 5 | AZ54: =countif(D$184:AS$254, AW54) -> 3 | BA54: =countif(D$269:AS$339, AW54) -> 1 | BB54: =countif(#REF!, AW54) -> 1 | BC54: =sum(AX54:BB54)*8 -> 120
B55: Exotic Tech/DA | C55: 9-5:30 (8) | Q55: Brandon Orange | X55: Gladys Castro1 | AE55: Gladys Castro | AL55: Marelyn Ventura | AS55: Marelyn Ventura | AT55: =IF(COUNTIF($AO$85:$AT$87, #REF!) > 0, "X", "") | AW55: =TEAM!B56 -> #REF! | AX55: =countif($D$14:$AS$84, AW55) -> 5 | AY55: =countif(D$99:AS$169, AW55) -> 5 | AZ55: =countif(D$184:AS$254, AW55) -> 3 | BA55: =countif(D$269:AS$339, AW55) -> 1 | BB55: =countif(#REF!, AW55) -> 1 | BC55: =sum(AX55:BB55)*8 -> 120
B56: Exotics Tech | C56: 9-5:30 (8) | AT56: =IF(COUNTIF($AO$85:$AT$87, #REF!) > 0, "X", "") | AW56: =TEAM!B57 -> #REF! | AX56: =countif($D$14:$AS$84, AW56) -> 5 | AY56: =countif(D$99:AS$169, AW56) -> 5 | AZ56: =countif(D$184:AS$254, AW56) -> 3 | BA56: =countif(D$269:AS$339, AW56) -> 1 | BB56: =countif(#REF!, AW56) -> 1 | BC56: =sum(AX56:BB56)*8 -> 120
B57: Exotics Tech | C57: 9:30-6 (8) | AT57: =IF(COUNTIF($AO$85:$AT$87, AS56) > 0, "X", "") | AW57: =TEAM!B58 -> #REF! | AX57: =countif($D$14:$AS$84, AW57) -> 5 | AY57: =countif(D$99:AS$169, AW57) -> 5 | AZ57: =countif(D$184:AS$254, AW57) -> 3 | BA57: =countif(D$269:AS$339, AW57) -> 1 | BB57: =countif(#REF!, AW57) -> 1 | BC57: =sum(AX57:BB57)*8 -> 120
